totalcharges,count
 ,11
20.2,11
19.75,9
20.05,8
19.9,8
19.65,8
45.3,7
19.55,7
20.15,6
20.25,6
19.45,6
20.3,5
20.45,5
19.85,4
69.9,4
20.4,4
70.6,4
19.2,4
69.65,4
44,4
44.4,4
20.5,4
49.9,4
74.7,4
19.3,4
19.95,4
19.5,4
75.3,4
50.15,4
20.35,4
69.6,4
19.4,4
69.95,4
19.25,3
70.45,3
1284.2,3
69.25,3
74.3,3
20.9,3
220.45,3
20.55,3
69.1,3
20.1,3
305.55,3
50.6,3
74.6,3
20,3
45.85,3
44.75,3
70.15,3
75.35,3
19.1,3
74.9,3
86.05,3
79.55,3
74.35,3
35.9,3
24.4,3
45.7,3
2317.1,3
383.65,3
50.75,3
25.25,3
55.7,3
45.1,3
84.5,3
85,3
50.45,3
80.55,3
70.3,3
24.8,3
470.2,3
69.55,3
70.1,3
85.5,3
1714.95,2
654.85,2
372.45,2
260.9,2
740.3,2
74.2,2
2104.55,2
816.8,2
79.05,2
238.5,2
1305.95,2
307.4,2
25.1,2
57.4,2
5731.85,2
1873.7,2
70.25,2
84.6,2
1443.65,2
137.6,2
46.3,2
84.2,2
223.15,2
3187.65,2
253.8,2
330.8,2
4370.25,2
5714.2,2
1463.45,2
294.45,2
505.95,2
135.75,2
1077.5,2
3496.3,2
1782.4,2
131.05,2
41.85,2
529.5,2
50.8,2
71,2
669.45,2
33.6,2
147.15,2
20.95,2
128.6,2
683.25,2
24.7,2
48.6,2
989.05,2
70,2
44.55,2
134.05,2
355.1,2
398.55,2
487.05,2
77.15,2
587.1,2
415.55,2
19.6,2
664.4,2
1468.75,2
1060.2,2
55.25,2
1235.55,2
1025.15,2
592.65,2
43.95,2
2032.3,2
1642.75,2
275.7,2
44.45,2
89.3,2
74.4,2
300.4,2
3645.5,2
161.45,2
93.7,2
214.75,2
256.6,2
151.75,2
25.05,2
854.9,2
90.6,2
1167.8,2
469.65,2
45.05,2
987.95,2
51.25,2
184.1,2
347.65,2
498.1,2
858.6,2
50.1,2
90.05,2
1008.7,2
1672.1,2
348.8,2
515.75,2
1218.25,2
1201.65,2
867.3,2
90.85,2
4017.45,2
3756.45,2
96.85,2
1183.05,2
2640.55,2
1149.65,2
55,2
1058.1,2
69.75,2
118.25,2
18.85,2
467.15,2
511.25,2
1672.35,2
273.25,2
280.85,2
71.35,2
70.85,2
42.9,2
844.45,2
178.7,2
340.85,2
94.4,2
25.7,2
63.75,2
143.65,2
1410.25,2
4528,2
262.05,2
1174.35,2
52,2
835.5,2
75.1,2
1110.05,2
777.3,2
926.25,2
45.75,2
53.55,2
259.8,2
83.75,2
92.75,2
91.7,2
96.8,2
1885.15,2
4858.7,2
193.6,2
246.7,2
246.3,2
202.3,2
167.3,2
245.15,2
19.8,2
49.55,2
2570.2,2
49.95,2
144.55,2
449.75,2
19.7,2
85.1,2
60.65,2
33.7,2
79.35,2
90.55,2
76.35,2
45.6,2
71.65,2
2180.55,2
477.55,2
2497.2,2
4976.15,2
5969.3,2
69.8,2
416.45,2
145.15,2
3729.75,2
229.55,2
434.5,2
69.35,2
2151.6,2
184.4,2
79.6,2
45.8,2
155.35,2
1130.85,2
620.55,2
2440.25,2
5597.65,2
460.25,2
49.65,2
553,2
181.65,2
581.7,2
2661.1,2
729.95,2
202.25,2
69.4,2
45.15,2
522.95,2
69.85,2
79.15,2
727.8,2
402.6,2
20.6,2
1381.8,2
61.05,2
470.6,2
162.45,2
1734.5,2
906.85,2
45.95,2
1706.45,2
3418.2,2
86.6,2
98.5,2
70.05,2
25.15,2
1620.2,2
74.5,2
235.05,2
190.25,2
268.45,2
144.15,2
340.35,2
44.9,2
25.2,2
1046.5,2
267.35,2
123.65,2
316.9,2
3132.75,2
382.2,2
601.6,2
1043.3,2
69.2,2
44.15,2
85.45,2
75.45,2
1782,2
1161.75,2
20.75,2
74.45,2
2651.2,2
99.75,2
482.8,2
494.05,2
849.9,2
2254.2,2
475.1,2
71.1,2
5682.25,2
503.6,2
264.8,2
78.65,2
45.4,2
3297,2
576.65,2
93.55,2
91.1,2
20.65,2
3533.6,2
151.3,2
564.35,2
1139.2,2
196.9,2
49.8,2
69.5,2
196.75,2
130.5,2
2404.15,2
1493.2,2
288.05,2
7334.05,2
45.65,2
50.55,2
168.15,2
493.4,2
2560.1,2
163.7,2
343.45,2
113.5,2
82.85,2
318.6,2
607.7,1
1738.9,1
481.1,1
2275.1,1
1772.25,1
5013,1
5290.45,1
494.95,1
302.75,1
2467.75,1
5957.9,1
2966.95,1
5431.4,1
6004.85,1
5219.65,1
78.95,1
1728.2,1
6058.95,1
2964.05,1
2156.25,1
61.15,1
790.15,1
1051.9,1
217.5,1
60.1,1
964.9,1
357.7,1
5442.05,1
929.3,1
1198.8,1
1755.35,1
7748.75,1
6747.35,1
541.9,1
8312.75,1
1914.9,1
5655.45,1
6470.1,1
2019.8,1
4620.4,1
5688.05,1
3704.15,1
3772.5,1
1522.7,1
1334.5,1
3182.95,1
959.9,1
252,1
1397.3,1
700.45,1
5265.1,1
971.3,1
2271.85,1
5174.35,1
245.2,1
373,1
216.9,1
754,1
105.6,1
2322.85,1
2877.95,1
3414.65,1
1198.05,1
3389.25,1
4428.6,1
3067.2,1
6688.1,1
1521.2,1
7262,1
4224.7,1
1285.05,1
4042.2,1
4854.3,1
62.05,1
3580.95,1
3346.8,1
452.7,1
193.8,1
147.55,1
1988.05,1
1556.85,1
1855.65,1
6487.2,1
916.9,1
798.2,1
2570,1
5293.4,1
272.2,1
836.35,1
3046.15,1
49,1
7555,1
1111.85,1
661.25,1
1335.2,1
447.9,1
3973.2,1
3201.55,1
5432.2,1
8424.9,1
2979.3,1
2203.7,1
101.9,1
7629.85,1
1432.55,1
6411.25,1
1540.35,1
130.55,1
1054.6,1
2184.6,1
3540.65,1
6754.35,1
4689.15,1
830.7,1
8100.25,1
446.8,1
767.9,1
2287.25,1
3045.75,1
116.65,1
387.4,1
956.65,1
2186.4,1
990.9,1
909.25,1
5867,1
6595.9,1
454.65,1
1230.9,1
6431.05,1
3399.85,1
3229.4,1
73.1,1
5500.6,1
6075.9,1
70.35,1
1784.9,1
541.15,1
1626.05,1
1493.1,1
140.4,1
955.6,1
3090.05,1
2510.7,1
196.35,1
6449.15,1
720.45,1
762.45,1
2062.15,1
6252.7,1
585.95,1
1131.2,1
6463.15,1
1130,1
2244.95,1
6440.25,1
5212.65,1
1445.95,1
2656.3,1
84.3,1
400.3,1
574.5,1
5396.25,1
1776,1
785.75,1
1617.5,1
5283.95,1
313.4,1
6312.9,1
629.55,1
761.85,1
478.1,1
1270.2,1
911.6,1
7875,1
144,1
70.7,1
3409.6,1
610.75,1
209.9,1
4820.15,1
2404.1,1
166.3,1
5012.1,1
860.85,1
777.35,1
53.15,1
1709.15,1
1427.55,1
279.3,1
1561.5,1
2282.95,1
1372.45,1
1615.1,1
377.55,1
4211.55,1
1285.8,1
2660.2,1
659.35,1
2387.75,1
1620.25,1
1042.65,1
125.95,1
375.25,1
532.1,1
2434.45,1
321.75,1
432.5,1
6293.2,1
31.55,1
6725.3,1
369.3,1
1097.15,1
690.5,1
7049.5,1
5538.8,1
600.15,1
6567.9,1
2610.65,1
969.85,1
547.65,1
1633,1
5560,1
2110.15,1
914.6,1
222.65,1
5779.6,1
220.8,1
3008.15,1
2196.45,1
8672.45,1
85.05,1
5031,1
6310.9,1
6237.05,1
1212.25,1
4747.85,1
1759.55,1
101.1,1
4804.75,1
6382,1
4331.4,1
314.6,1
8332.15,1
251.75,1
422.4,1
39.85,1
1125.2,1
144.35,1
6496.15,1
2933.95,1
1776.45,1
8684.8,1
1466.1,1
4323.35,1
59.55,1
300.7,1
4234.15,1
5511.65,1
29.85,1
1316.9,1
370.5,1
1031.4,1
2184.85,1
3030.6,1
338.1,1
1923.5,1
2390.45,1
847.8,1
1852.85,1
2184.35,1
4154.55,1
607.3,1
3615.6,1
1536.75,1
724.65,1
5893.9,1
1275.6,1
3674.95,1
1267.95,1
747.2,1
5794.45,1
6981.35,1
921.3,1
3875.4,1
3124.5,1
208.7,1
7881.2,1
221.35,1
237.75,1
3403.4,1
6263.8,1
2462.6,1
5844.65,1
3199,1
150.75,1
673.1,1
6689,1
1272.05,1
930.45,1
1494.5,1
452.35,1
2847.2,1
350.1,1
3729.6,1
6368.2,1
1451.1,1
5437.1,1
2730.85,1
2835.9,1
4134.85,1
3765.05,1
768.45,1
223.6,1
4156.8,1
5321.25,1
7942.15,1
116.85,1
541.5,1
899.8,1
6953.4,1
108.05,1
834.2,1
2960.1,1
312.7,1
301.55,1
7053.35,1
552.95,1
1740.7,1
4664.5,1
1529.45,1
2157.5,1
1391.65,1
1660,1
1057.55,1
344.5,1
417.5,1
1826.7,1
195.05,1
185.2,1
152.7,1
1375.15,1
1641.3,1
1388.75,1
575.45,1
1379.8,1
7624.2,1
851.75,1
445.3,1
377.85,1
1797.1,1
7782.85,1
1810.85,1
810.45,1
1273.3,1
2320.8,1
4062.2,1
285.2,1
3043.7,1
5711.05,1
2718.3,1
280.4,1
6397.6,1
4539.6,1
191.35,1
5718.2,1
3021.6,1
1147,1
393.15,1
526.7,1
169.65,1
950.75,1
713.1,1
4124.65,1
6363.45,1
404.35,1
610.2,1
159.2,1
1312.45,1
684.85,1
3478.15,1
36.45,1
4133.95,1
5703.25,1
780.85,1
933.3,1
2313.8,1
3382.3,1
955.75,1
225.65,1
6555.2,1
164.6,1
7397,1
3825.85,1
2917.65,1
7998.8,1
7238.6,1
5336.35,1
2001.5,1
1914.5,1
1189.9,1
2198.3,1
2964.8,1
54.3,1
1777.6,1
1114.85,1
946.95,1
4193.4,1
7804.15,1
5925.75,1
1078.9,1
486.05,1
1147.45,1
1336.15,1
1964.6,1
331.3,1
399.45,1
70.4,1
1028.9,1
3047.15,1
4113.7,1
8166.8,1
164.85,1
4042.3,1
632.2,1
4097.05,1
1081.25,1
2723.4,1
4747.2,1
226.45,1
2638.1,1
1714.55,1
1743.5,1
3851.45,1
1388,1
35.1,1
43.15,1
1123.65,1
6347.55,1
810.85,1
893.2,1
4345,1
4364.1,1
6779.05,1
89.25,1
1261.45,1
7623.2,1
6382.55,1
154.3,1
1217.25,1
2433.9,1
4692.55,1
6145.85,1
201.95,1
7993.3,1
144.95,1
2841.55,1
488.65,1
825.4,1
755.4,1
1376.5,1
2283.15,1
1500.25,1
545.15,1
7344.45,1
1837.9,1
6812.95,1
1620.45,1
806.95,1
2201.75,1
711.95,1
4191.45,1
524.35,1
1597.05,1
1312.15,1
829.55,1
1799.3,1
486.85,1
2075.1,1
5299.65,1
137.95,1
4300.8,1
3035.35,1
1248.9,1
3762,1
3527.3,1
1067.05,1
349.8,1
7953.25,1
1123.15,1
2789.7,1
204.7,1
590.35,1
6991.9,1
3509.4,1
2995.45,1
3273.55,1
6605.55,1
812.4,1
5042.75,1
1356.3,1
7133.1,1
53.95,1
7559.55,1
1413,1
2633.4,1
3116.15,1
7634.8,1
1451.9,1
4982.5,1
426.35,1
1050.5,1
657.5,1
1743.05,1
106.2,1
4920.8,1
351.5,1
2431.35,1
4862.5,1
2375.4,1
4134.7,1
244.65,1
94.45,1
666,1
1388.45,1
6979.8,1
46.35,1
2959.8,1
3946.9,1
4916.4,1
1052.35,1
5017.7,1
4213.9,1
2597.6,1
1993.8,1
4391.25,1
1424.95,1
4299.95,1
1195.95,1
1021.8,1
1331.05,1
7365.7,1
3479.05,1
1517.5,1
5824.75,1
94,1
2659.45,1
8289.2,1
5276.1,1
6065.3,1
3233.6,1
459.6,1
5438.9,1
4816.7,1
251.65,1
742.95,1
554.25,1
198.5,1
2357.75,1
365.4,1
305.95,1
227.35,1
2515.3,1
400,1
253.9,1
225.6,1
58.15,1
1261.35,1
18.9,1
1539.45,1
2606.35,1
4385.05,1
7751.7,1
223.75,1
768.05,1
1215.8,1
3522.65,1
44.1,1
1730.65,1
958.25,1
6042.7,1
2536.55,1
1637.4,1
6405,1
712.75,1
548.8,1
1385.85,1
3708.4,1
1834.95,1
7346.2,1
108.7,1
1261,1
389.25,1
150.85,1
3656.25,1
155.65,1
910.45,1
305.1,1
2209.75,1
1539.8,1
5329.55,1
173.15,1
58.9,1
3670.5,1
4140.1,1
1745.2,1
250.1,1
4779.45,1
5317.8,1
4510.8,1
781.25,1
8022.85,1
3171.15,1
3848,1
221.9,1
4136.4,1
2065.4,1
1067.65,1
3255.35,1
1882.8,1
2308.6,1
1081.45,1
333.55,1
1381.2,1
181.6,1
1086.75,1
637.55,1
3753.2,1
6880.85,1
35.75,1
2535.55,1
3641.5,1
3767.4,1
1389.6,1
2692.75,1
299.4,1
455.5,1
5430.65,1
1054.8,1
3186.7,1
6141.65,1
2530.4,1
4307.1,1
3152.5,1
6954.15,1
1158.85,1
5375.15,1
2249.1,1
322.5,1
1565.7,1
485.9,1
24,1
2983.8,1
1742.5,1
1782.05,1
2715.3,1
566.1,1
5121.75,1
4138.9,1
7132.15,1
3363.8,1
5405.8,1
3249.4,1
864.2,1
4089.45,1
6144.55,1
103.7,1
198.6,1
411.75,1
3110.1,1
2462.55,1
1905.7,1
3723.65,1
8425.15,1
298.35,1
1402.25,1
7990.05,1
419.35,1
2386.85,1
8109.8,1
259.65,1
80.15,1
815.5,1
7677.4,1
212.4,1
1594.75,1
1001.2,1
176.2,1
4681.75,1
2083.1,1
8297.5,1
1157.05,1
2415.95,1
4534.9,1
405.7,1
970.45,1
3436.1,1
1740.8,1
284.3,1
2599.95,1
2542.45,1
1359.45,1
797.25,1
5638.3,1
1505.85,1
5930.05,1
1994.3,1
4222.95,1
3581.6,1
679.55,1
912,1
445.85,1
186.15,1
2351.8,1
435,1
28.3,1
178.8,1
6110.2,1
5817.7,1
1929,1
914.3,1
54.7,1
87.3,1
351.55,1
34.8,1
443.9,1
533.5,1
3913.3,1
827.05,1
3950.85,1
2177.45,1
420.2,1
4388.4,1
1319.95,1
1031.7,1
7297.75,1
5763.15,1
518.75,1
8061.5,1
1489.3,1
6393.65,1
1048.45,1
3822.45,1
210.3,1
6301.7,1
749.35,1
1171.5,1
4549.45,1
1857.85,1
1654.6,1
695.75,1
2979.5,1
237.65,1
6705.7,1
1727.5,1
2911.8,1
2298.55,1
692.1,1
2763.35,1
1423.65,1
593.2,1
7919.8,1
5621.85,1
7511.3,1
1441.65,1
646.85,1
226.95,1
6296.75,1
545.2,1
1332.4,1
24.25,1
825.1,1
5647.95,1
6424.25,1
451.55,1
5309.5,1
2898.95,1
1414.65,1
24.05,1
4804.65,1
743.05,1
5727.45,1
4900.65,1
4036,1
131.65,1
2301.15,1
4131.2,1
2068.55,1
5373.1,1
4891.5,1
5991.05,1
362.2,1
1337.45,1
4126.2,1
837.95,1
1563.9,1
434.1,1
7806.6,1
5536.5,1
6079,1
1559.45,1
6172,1
536.4,1
1776.55,1
143.9,1
4639.45,1
791.15,1
1874.3,1
6758.45,1
874.8,1
5127.95,1
6925.9,1
1682.4,1
78.8,1
108.95,1
635.9,1
4348.1,1
29.9,1
7567.2,1
708.8,1
80.85,1
4029.95,1
2658.4,1
68.45,1
4718.25,1
992.7,1
4968,1
539.85,1
139.35,1
172.35,1
174.7,1
468.35,1
123.05,1
576.95,1
383.55,1
1328.35,1
411.45,1
180.7,1
149.55,1
1837.7,1
7281.6,1
2230.85,1
1745.5,1
51.15,1
6936.85,1
966.55,1
3119.9,1
7845.8,1
1928.7,1
412.6,1
653.25,1
296.15,1
1379.6,1
6019.35,1
2575.45,1
6652.45,1
36.55,1
1750.85,1
6129.2,1
2538.2,1
810.7,1
6055.55,1
2710.25,1
4055.5,1
2743.45,1
1558.7,1
4220.35,1
1164.3,1
6423,1
71.25,1
1750.7,1
5154.6,1
216.2,1
583,1
861.85,1
2398.4,1
641.15,1
2433.5,1
2193.2,1
1462.05,1
1766.75,1
1847.55,1
4554.85,1
572.85,1
3219.75,1
157.65,1
1004.35,1
990.45,1
3121.1,1
3721.9,1
2745.2,1
6029,1
115.1,1
178.5,1
3017.65,1
742.9,1
7069.3,1
1734.2,1
2498.4,1
1623.15,1
3005.8,1
543.8,1
2665,1
2096.1,1
290.55,1
310.6,1
1956.4,1
1208.35,1
4449.75,1
5825.5,1
2595.85,1
502.6,1
2088.8,1
278.4,1
470,1
2568.15,1
1884.65,1
472.65,1
1429.65,1
2586,1
3292.3,1
651.4,1
359.4,1
717.3,1
81,1
2522.4,1
1087.25,1
4146.05,1
3541.1,1
2338.35,1
165.2,1
115.95,1
551.35,1
4674.55,1
943.1,1
1825.5,1
653.95,1
919.4,1
223.45,1
3128.8,1
658.1,1
2448.5,1
232.35,1
7332.4,1
249.55,1
4475.9,1
534.7,1
68.95,1
669,1
2018.1,1
219.65,1
4282.4,1
7732.65,1
1701.65,1
249.95,1
140.95,1
7774.05,1
1759.4,1
146.65,1
5921.35,1
5903.15,1
291.9,1
1448.6,1
70.8,1
1476.25,1
357,1
947.4,1
38.7,1
224.85,1
3771.5,1
943.85,1
55.8,1
137.25,1
890.5,1
2391.15,1
4187.75,1
4079.55,1
95,1
1115.6,1
4266.4,1
8240.85,1
134.75,1
6572.85,1
749.25,1
5919.35,1
232.5,1
631.85,1
2762.75,1
24.45,1
318.9,1
29.15,1
3175.85,1
2455.05,1
5497.05,1
788.6,1
1323.7,1
1240.25,1
71.15,1
3990.6,1
1888.65,1
999.45,1
2188.45,1
3161.4,1
3778.2,1
4680.05,1
328.95,1
1398.25,1
30.55,1
2044.75,1
4273.45,1
3715.65,1
838.5,1
4915.15,1
1374.35,1
2263.45,1
4116.15,1
6994.6,1
2635,1
235,1
2347.85,1
2281.6,1
1145.35,1
874.2,1
4069.9,1
3605.2,1
2774.55,1
4264.25,1
242.4,1
231.45,1
1356.7,1
4059.85,1
7156.2,1
5163,1
1520.9,1
761.95,1
374.5,1
2198.9,1
4949.1,1
2901.8,1
270.8,1
3089.6,1
117.05,1
5839.3,1
1893.5,1
123.8,1
7138.65,1
4284.65,1
6322.1,1
2440.15,1
1783.75,1
2603.1,1
293.3,1
4566.5,1
1073.3,1
1729.35,1
3580.3,1
4469.1,1
521.8,1
918.7,1
1121.05,1
4267.15,1
1344.5,1
605.25,1
1718.95,1
492.1,1
3349.1,1
1539.75,1
2781.85,1
1422.05,1
2731,1
80.3,1
5038.45,1
2727.8,1
1403.1,1
5330.2,1
606.25,1
3103.25,1
92.65,1
235.2,1
2669.45,1
6951.15,1
7746.7,1
838.7,1
2929.75,1
3273.95,1
1898.1,1
1490.95,1
1607.2,1
711.15,1
497.3,1
89.1,1
2568.55,1
4119.4,1
979.05,1
1129.1,1
6871.9,1
4863.85,1
8312.4,1
94.55,1
3134.7,1
3088.25,1
59.75,1
4830.25,1
5025,1
2006.95,1
989.45,1
2467.1,1
1033.9,1
1208.15,1
6590.8,1
660.05,1
5116.6,1
7261.75,1
7467.5,1
1275.85,1
856.5,1
6529.25,1
6637.9,1
3165.6,1
280.35,1
2217.15,1
6997.3,1
40.1,1
1079.45,1
257.05,1
6975.25,1
801.3,1
3371,1
2897.95,1
5301.1,1
1454.15,1
1274.05,1
546.85,1
4692.95,1
109.5,1
114.7,1
25.75,1
1327.15,1
543,1
6786.1,1
1462.6,1
150.6,1
5960.5,1
1496.9,1
1297.8,1
1336.9,1
1374.9,1
302.35,1
1390.85,1
1221.65,1
1864.65,1
5743.3,1
2012.7,1
4917.75,1
1264.2,1
944.65,1
24.75,1
2245.4,1
3021.3,1
3000.25,1
1927.3,1
139.75,1
3563.8,1
1322.55,1
4428.45,1
6067.4,1
1222.25,1
487.95,1
1614.9,1
399.6,1
3435.6,1
324.3,1
1523.4,1
1422.1,1
2607.6,1
100.25,1
3624.3,1
1573.95,1
93.4,1
2548.55,1
1037.75,1
5950.2,1
4200.25,1
939.7,1
6333.8,1
2967.35,1
7320.9,1
6218.45,1
242.05,1
452.2,1
1699.15,1
1192.3,1
2782.4,1
5974.3,1
1327.4,1
4483.95,1
7383.7,1
1387.45,1
520.1,1
343.6,1
66.95,1
751.65,1
1992.85,1
1857.75,1
5034.05,1
4995.35,1
4902.8,1
1032.05,1
1696.2,1
2807.65,1
3184.25,1
877.35,1
56,1
314.55,1
4515.85,1
179.85,1
5040.2,1
6595,1
1461.15,1
3353.4,1
5025.85,1
2976.95,1
2187.15,1
2045.55,1
1880.85,1
4972.1,1
149.05,1
7556.9,1
165,1
7446.9,1
1144.6,1
1808.7,1
530.05,1
1271.8,1
2936.25,1
358.05,1
3046.4,1
422.7,1
2460.35,1
773.65,1
45.35,1
336.7,1
6171.2,1
1871.15,1
214.4,1
74,1
2215.25,1
1370.35,1
706.6,1
520,1
247,1
5401.9,1
1187.05,1
78.05,1
6851.65,1
4059.35,1
692.55,1
765.15,1
1544.05,1
1346.3,1
6944.5,1
2546.85,1
5812.6,1
1013.2,1
333.65,1
1971.5,1
6511.8,1
1760.25,1
2427.35,1
3419.5,1
2510.2,1
2034.25,1
638,1
2971.7,1
6330.4,1
395.6,1
4155.95,1
1028.75,1
695.85,1
5623.7,1
1441.8,1
4664.15,1
56.35,1
600.25,1
6921.7,1
2264.05,1
7009.5,1
393.45,1
937.6,1
718.55,1
4052.4,1
6668,1
2893.4,1
1980.3,1
701.3,1
1093,1
1534.05,1
401.95,1
4631.7,1
369.15,1
3994.05,1
5683.6,1
7982.5,1
286.8,1
7049.75,1
8058.55,1
321.9,1
189.95,1
163.2,1
4546,1
1415.55,1
477.05,1
1654.45,1
262.3,1
3886.85,1
5917.55,1
1859.2,1
272,1
5515.8,1
3665.55,1
953.45,1
70.5,1
709.5,1
3409.1,1
134.35,1
3303.05,1
2431.95,1
914,1
1765.95,1
662.95,1
1172.95,1
6869.7,1
5780.7,1
4753.85,1
3624.35,1
5948.7,1
2139.1,1
3551.65,1
122.9,1
1424.2,1
343.95,1
4263.4,1
1011.5,1
8456.75,1
1846.65,1
408.5,1
189.45,1
3921.1,1
5743.05,1
1255.1,1
1816.75,1
1764.75,1
3062.45,1
1801.9,1
208.25,1
405.6,1
6871.7,1
1222.05,1
4885.85,1
2890.65,1
717.95,1
6590.5,1
2549.1,1
3965.05,1
2496.7,1
5542.55,1
1061.6,1
346.4,1
5471.75,1
326.65,1
2016.3,1
5708.2,1
791.75,1
8443.7,1
68.5,1
158.35,1
368.1,1
1416.5,1
220.4,1
5031.85,1
1026.35,1
3772.65,1
152.95,1
1013.35,1
6632.75,1
7840.6,1
20.7,1
2862.75,1
2111.45,1
6164.7,1
4929.55,1
3094.05,1
605.45,1
3515.25,1
1901,1
2576.2,1
842.25,1
2215,1
2043.45,1
3870,1
1434.6,1
6137,1
2088.45,1
232.4,1
942.95,1
3379.25,1
5676.65,1
5581.05,1
300.8,1
374,1
2909.95,1
595.05,1
469.8,1
8436.25,1
1457.25,1
828.05,1
3948.45,1
985.05,1
342.3,1
1226.45,1
973.55,1
1066.9,1
185.6,1
8349.45,1
3778.85,1
492,1
3876.2,1
587.7,1
522.35,1
7922.75,1
4309.55,1
4575.35,1
107.1,1
1908.35,1
5496.9,1
7852.4,1
2698.35,1
764.95,1
418.4,1
920.5,1
3334.9,1
467.7,1
5589.45,1
2554,1
50.5,1
1191.4,1
2130.45,1
275.9,1
4653.25,1
802.35,1
345.9,1
2029.05,1
2276.1,1
3937.45,1
1784.5,1
2790.65,1
1524.85,1
2619.15,1
5785.65,1
2484,1
3807.35,1
3431.75,1
150.35,1
2587.7,1
367.95,1
705.45,1
641.25,1
786.3,1
1387,1
1286,1
3454.6,1
4096.9,1
4297.95,1
4398.15,1
1459.35,1
295.65,1
792.15,1
2666.75,1
3190.65,1
4871.05,1
1242.2,1
7862.25,1
550.1,1
6219.6,1
4801.1,1
5125.75,1
3097.2,1
2540.1,1
1006.9,1
1079.65,1
6093.3,1
364.55,1
857.75,1
2802.3,1
6578.55,1
788.8,1
1095.3,1
44.65,1
1240.8,1
1482.3,1
4122.9,1
4016.85,1
7171.7,1
181.7,1
3442.8,1
4378.8,1
700.85,1
788.55,1
708.2,1
136.05,1
418.3,1
1861.1,1
7475.1,1
2954.5,1
2862.55,1
7679.65,1
141.65,1
5243.05,1
776.25,1
7348.8,1
931.9,1
1905.4,1
6176.6,1
5731.4,1
8337.45,1
3246.45,1
154.65,1
4265,1
4144.9,1
7723.7,1
3529.95,1
3301.05,1
4213.35,1
469.25,1
2349.8,1
3069.45,1
345.5,1
5811.8,1
5886.85,1
56.25,1
5669.5,1
327.45,1
3320.6,1
105.5,1
411.25,1
68.65,1
3751.15,1
159.4,1
6109.75,1
2249.95,1
1647,1
124.45,1
2965.75,1
1275.7,1
703.55,1
4323.45,1
3425.35,1
2053.05,1
1959.5,1
152.45,1
7968.85,1
3626.1,1
465.45,1
704.3,1
1369.8,1
1107.25,1
1171.3,1
817.95,1
1070.25,1
412.55,1
7283.25,1
3886.05,1
3824.2,1
5997.1,1
693.3,1
5265.55,1
41.2,1
1253.5,1
2264.5,1
6302.85,1
110.05,1
162.15,1
130.25,1
1566.75,1
8152.3,1
6375.2,1
95.55,1
5206.55,1
2998,1
369.6,1
4138.7,1
6816.95,1
770.4,1
82.3,1
5364.8,1
4086.3,1
786.5,1
934.8,1
483.15,1
525.55,1
5703,1
350.3,1
4764,1
3358.65,1
1334.45,1
101.45,1
320.4,1
718.1,1
6640.7,1
7920.7,1
3491.55,1
1375.6,1
2419.55,1
267.6,1
1679.65,1
3457.45,1
2298.9,1
156.4,1
1458.1,1
324.25,1
5069.65,1
1177.95,1
930.4,1
693.45,1
1505.35,1
428.45,1
5764.7,1
48.95,1
712.85,1
4746.05,1
867.1,1
688.5,1
3221.25,1
4630.2,1
4186.3,1
5435.6,1
1115.2,1
4238.45,1
5769.6,1
49.7,1
1625,1
688.2,1
470.95,1
1266.35,1
788.05,1
4860.85,1
3969.4,1
5088.4,1
3959.35,1
331.85,1
7234.8,1
374.8,1
7658.3,1
1222.65,1
3856.75,1
630.6,1
900.5,1
7430.75,1
5733.4,1
1299.1,1
1294.6,1
2421.75,1
80.5,1
387.7,1
845.25,1
560.6,1
4230.25,1
93.3,1
7285.7,1
3919.15,1
3270.25,1
880.2,1
1474.35,1
57.5,1
514,1
76.4,1
6227.5,1
4551.5,1
80.35,1
1654.75,1
7548.6,1
4299.75,1
506.9,1
5976.9,1
471.85,1
521,1
4113.15,1
4983.05,1
6614.9,1
358.5,1
165.5,1
38.25,1
64.55,1
2193.65,1
126.05,1
7711.45,1
1270.55,1
1573.7,1
672.55,1
2871.5,1
25.85,1
4577.9,1
3877.95,1
2369.05,1
3623.95,1
2024.1,1
938.95,1
2203.65,1
5568.35,1
58,1
5588.8,1
890.35,1
8175.9,1
31.2,1
3348.1,1
5275.8,1
533.6,1
5231.3,1
2237.55,1
6501.35,1
6241.35,1
6471.85,1
997.65,1
1031.1,1
195.3,1
3365.85,1
3023.85,1
118.5,1
3180.5,1
659.65,1
5348.65,1
79.25,1
4137.2,1
3243.45,1
293.85,1
3480.35,1
1620.8,1
2907.55,1
169.05,1
5959.3,1
1064.95,1
3238.4,1
2748.7,1
1574.45,1
647.5,1
4335.2,1
303.15,1
655.85,1
1985.15,1
1364.75,1
235.8,1
1573.05,1
401.3,1
5295.7,1
197.7,1
5643.4,1
5409.75,1
2773.9,1
1888.25,1
139.25,1
601.55,1
8309.55,1
714.15,1
7707.7,1
2483.65,1
6367.2,1
4904.2,1
2044.95,1
7279.35,1
5860.7,1
568.85,1
4014.6,1
5071.05,1
730.4,1
1815.65,1
1108.6,1
49.25,1
2869.85,1
730.1,1
5135.15,1
1358.85,1
2085.45,1
5448.6,1
4018.35,1
921.4,1
7039.05,1
6441.4,1
7173.15,1
1794.8,1
413.65,1
3725.5,1
1680.25,1
2220.1,1
1175.85,1
450.65,1
2716.3,1
4378.35,1
1423.15,1
4442.75,1
1297.35,1
450.4,1
4543.95,1
73,1
35.05,1
7610.1,1
5611.75,1
2564.95,1
2021.35,1
6875.35,1
217.45,1
3603.45,1
5231.2,1
3512.9,1
4693.2,1
558.8,1
3283.05,1
4233.95,1
142.35,1
3769.7,1
7222.75,1
1580.1,1
1027.25,1
397,1
3835.55,1
4786.1,1
6585.35,1
7752.3,1
163.6,1
1362.85,1
2341.55,1
287.4,1
68.8,1
116.6,1
1119.35,1
7188.5,1
33.2,1
335.95,1
4237.5,1
4939.25,1
6548.65,1
625.65,1
1911.5,1
244.45,1
2038.7,1
4905.75,1
2090.25,1
4981.15,1
2424.05,1
334.65,1
365.35,1
4977.2,1
129.6,1
3357.9,1
239.45,1
7245.9,1
821.6,1
780.5,1
871.4,1
3688.6,1
7181.25,1
1051.05,1
1787.35,1
1818.9,1
573.3,1
69.7,1
4014,1
2441.7,1
2751,1
1307.8,1
503.25,1
5720.95,1
216.75,1
471.7,1
4092.85,1
294.95,1
3833.95,1
221.1,1
4308.25,1
509.3,1
4869.5,1
3361.05,1
6052.25,1
819.95,1
6841.3,1
4414.3,1
7493.05,1
791.7,1
1087.7,1
7882.5,1
2868.05,1
6613.65,1
1208.6,1
1498.55,1
2623.65,1
257,1
266.95,1
1129.75,1
1301.7,1
497.6,1
519.15,1
5798.3,1
603,1
1806.35,1
1146.05,1
620.35,1
684.4,1
125,1
201.7,1
4663.4,1
2272.8,1
5224.35,1
235.65,1
2483.05,1
1776.95,1
5386.5,1
865.8,1
1082.8,1
6185.8,1
147.8,1
5224.5,1
5025.8,1
3720.35,1
2319.8,1
1135.7,1
1311.75,1
95.45,1
77.75,1
2985.25,1
1301,1
3545.35,1
7985.9,1
2368.4,1
5305.05,1
1509.9,1
2882.25,1
32.7,1
6014.85,1
2924.05,1
3616.25,1
4378.9,1
7365.3,1
385,1
134.7,1
1022.5,1
3645.75,1
3756.4,1
5150.55,1
272.15,1
1917.1,1
256.25,1
4685.55,1
4036.85,1
486.2,1
3691.2,1
6794.75,1
961.4,1
130.1,1
1343.4,1
106.85,1
1011.8,1
2093.4,1
2728.6,1
5012.35,1
993.15,1
4367.35,1
7113.75,1
2874.45,1
1020.75,1
70.65,1
826,1
306.6,1
346.45,1
7362.9,1
1990.5,1
1419.4,1
743.3,1
1495.1,1
6886.25,1
2625.25,1
75.75,1
3316.1,1
39.25,1
263.05,1
4326.25,1
931.55,1
403.35,1
1679.4,1
3626.35,1
6479.4,1
7544.3,1
239,1
778.1,1
3366.05,1
1588.75,1
1747.85,1
3342,1
770.5,1
4250.1,1
523.1,1
309.4,1
1127.2,1
5121.3,1
1022.6,1
232.55,1
1151.05,1
4730.6,1
6770.5,1
2108.35,1
6859.5,1
53.05,1
30.5,1
1396,1
3088.75,1
3880.05,1
3251.3,1
4615.9,1
3930.6,1
2754.45,1
1652.1,1
897.75,1
3726.15,1
2804.45,1
1525.35,1
789.2,1
5237.4,1
554.45,1
679.85,1
24.2,1
5617.95,1
4284.2,1
1558.65,1
4947.55,1
4871.45,1
6418.9,1
1836.25,1
265.35,1
1692.6,1
2196.15,1
2208.05,1
5895.45,1
2780.6,1
5617.75,1
213.35,1
1872.2,1
1798.65,1
173,1
531.6,1
6034.85,1
3554.6,1
3988.5,1
723.4,1
2310.2,1
1224.05,1
3886.45,1
54.65,1
3784,1
5102.35,1
69.15,1
6719.9,1
2122.05,1
900.9,1
1173.35,1
1618.2,1
582.5,1
790.7,1
689,1
1801.1,1
2511.95,1
3893.6,1
357.15,1
467.5,1
7565.35,1
1035.7,1
3488.15,1
2427.1,1
500.1,1
5224.95,1
645.8,1
1293.8,1
3090.65,1
1700.9,1
3460.95,1
7388.45,1
224.5,1
172.85,1
7758.9,1
2221.55,1
1931.3,1
6460.55,1
289.1,1
4627.85,1
2288.7,1
138.85,1
406.05,1
5574.35,1
80.8,1
2208.75,1
3887.85,1
484.05,1
1301.1,1
63.15,1
1958.45,1
1193.05,1
25.3,1
4026.4,1
7432.05,1
979.5,1
3915.4,1
7898.45,1
1215.6,1
4166.35,1
450.8,1
5567.55,1
5832.65,1
299.3,1
2978.3,1
1507,1
238.15,1
958.15,1
997.75,1
118.3,1
39.8,1
5673.7,1
239.05,1
1902,1
762.25,1
1386.8,1
5236.4,1
1118.8,1
3804.4,1
676.15,1
533.9,1
1068.85,1
2274.9,1
1405.3,1
6129.65,1
633.45,1
1267,1
573.75,1
1094.5,1
3845.45,1
76.45,1
2799,1
1601.5,1
6256.2,1
1790.35,1
3782.4,1
501,1
6876.05,1
465.85,1
1183.2,1
531.15,1
220.1,1
559.2,1
1242.45,1
1567,1
92.25,1
4819.75,1
4438.2,1
3473.4,1
2354.8,1
702.05,1
299.75,1
916,1
8670.1,1
3171.6,1
309.35,1
460.2,1
733.35,1
5139.65,1
1334,1
5438.95,1
3147.5,1
3778.1,1
50.35,1
438.25,1
308.7,1
3801.7,1
107.6,1
780.1,1
7195.35,1
4013.8,1
1879.25,1
1686.85,1
1348.9,1
7737.55,1
886.7,1
1793.25,1
113.55,1
4600.95,1
876.15,1
7767.25,1
1673.4,1
2010.55,1
1232.9,1
4953.25,1
528.45,1
154.85,1
805.2,1
4481,1
902,1
7142.5,1
3902.45,1
5979.7,1
1864.2,1
209.1,1
5746.15,1
228,1
990.3,1
1313.25,1
6503.2,1
2289.9,1
4889.2,1
3023.65,1
5059.75,1
1096.25,1
1937.4,1
8349.7,1
332.65,1
4839.15,1
2259.35,1
3014.65,1
1938.9,1
3313.4,1
3815.4,1
552.1,1
1025.05,1
1463.7,1
5528.9,1
1958.95,1
235.1,1
5440.9,1
7110.75,1
226.55,1
4016.3,1
1062.1,1
3233.85,1
6841.4,1
1411.9,1
6328.7,1
593.75,1
1411.35,1
276.5,1
3579.15,1
2763,1
1940.85,1
2838.7,1
6179.35,1
201.1,1
309.25,1
48.45,1
6140.85,1
501.2,1
5289.8,1
1794.65,1
221.7,1
1654.7,1
315.3,1
368.85,1
3912.9,1
746.75,1
382.8,1
3694.45,1
1156.1,1
46,1
2541.25,1
1077.95,1
668.4,1
4589.85,1
3735.45,1
2553.7,1
1342.15,1
240.45,1
146.4,1
1857.25,1
6252.9,1
1043.8,1
5883.85,1
6428.4,1
433.5,1
81.1,1
8016.6,1
296.1,1
4657.95,1
1747.2,1
2025.1,1
689.35,1
2983.65,1
6056.9,1
42.7,1
2603.95,1
7578.05,1
1216.35,1
474.9,1
1748.55,1
1424.4,1
4480.7,1
679,1
929.45,1
354.05,1
347.25,1
129.55,1
3766.2,1
2658.8,1
6856.95,1
84.65,1
6895.5,1
3930.55,1
148.05,1
5411.65,1
4882.8,1
1233.15,1
1498.35,1
4759.75,1
962.9,1
3019.25,1
741.7,1
54.5,1
3846.75,1
44.35,1
335.65,1
499.4,1
321.05,1
4525.8,1
682.15,1
4735.2,1
6856.45,1
4458.15,1
2405.05,1
73.65,1
651.5,1
5487,1
5986.55,1
3092.65,1
939.8,1
1923.85,1
1993.25,1
6435.25,1
2576.8,1
586.05,1
5311.85,1
219.5,1
1553.2,1
1724.15,1
429.55,1
3275.15,1
485.25,1
958.45,1
109.3,1
5629.15,1
667.7,1
1178.75,1
184.05,1
1131.5,1
78.25,1
3994.45,1
1244.5,1
733.95,1
356.15,1
469.85,1
5629.55,1
2092.9,1
2470.1,1
229.5,1
7470.1,1
1859.5,1
215.25,1
44.2,1
2076.05,1
403.15,1
75.9,1
76.2,1
4392.5,1
1554.9,1
409.9,1
4304,1
3949.15,1
91.4,1
1930.9,1
852.7,1
865.55,1
3314.15,1
63,1
3471.1,1
4479.2,1
2248.05,1
1691.9,1
49.75,1
1725,1
7511.9,1
3588.4,1
2343.85,1
1096.6,1
3168,1
5696.6,1
5165.7,1
2796.45,1
1004.5,1
833.55,1
1007.8,1
5445.95,1
775.6,1
5315.8,1
4914.8,1
3532.85,1
267.4,1
4060.55,1
5166.2,1
5784.3,1
669.85,1
1924.1,1
4275.75,1
389.95,1
8543.25,1
384.25,1
973.45,1
1378.75,1
1298.7,1
488.25,1
6579.05,1
7856,1
5749.8,1
2169.75,1
220.6,1
2265.25,1
701.05,1
2109.35,1
864.55,1
563.5,1
1207,1
1383.6,1
890.6,1
998.1,1
1910.6,1
1698.55,1
1849.95,1
2424.45,1
265.75,1
370.65,1
477.6,1
2460.15,1
4126.35,1
501.35,1
896.9,1
4236.6,1
5552.05,1
4504.55,1
1790.15,1
4122.65,1
6993.65,1
79.65,1
609.9,1
5705.05,1
198,1
953.65,1
292.85,1
4760.3,1
2531.4,1
5953,1
7251.9,1
577.6,1
608,1
7181.95,1
1337.5,1
521.3,1
831.75,1
2139.2,1
638.95,1
6194.1,1
183.15,1
5762.95,1
1537.85,1
2603.3,1
5566.4,1
8075.35,1
2316.85,1
4520.15,1
4504.9,1
4952.95,1
146.3,1
2907.35,1
1278.8,1
5555.3,1
90.1,1
1465.75,1
3460.3,1
849.1,1
1912.85,1
616.9,1
80.05,1
2812.2,1
6401.25,1
1092.35,1
2258.25,1
5431.9,1
2203.1,1
6000.1,1
2134.3,1
7322.5,1
1406.9,1
784.45,1
4228.55,1
842.9,1
40.25,1
1587.55,1
5563.65,1
4533.9,1
348.15,1
639.7,1
306.05,1
7459,1
4459.8,1
1538.6,1
573.15,1
7047.5,1
270.15,1
1604.5,1
156.25,1
145.4,1
1614.7,1
1857.3,1
6725.5,1
2479.05,1
3627.3,1
4070.95,1
6077.75,1
2989.6,1
2351.45,1
7220.35,1
3744.05,1
4990.25,1
2227.8,1
7842.3,1
2471.25,1
7713.55,1
318.5,1
1173.55,1
4671.7,1
264.55,1
2724.6,1
164.5,1
1411.2,1
4192.15,1
1725.95,1
1761.45,1
2302.35,1
2078.55,1
160.8,1
2395.05,1
4664.2,1
4524.05,1
191.1,1
638.55,1
2406.1,1
39.3,1
523.5,1
644.5,1
389.6,1
5083.55,1
255.6,1
6225.4,1
1200.15,1
3649.6,1
118.4,1
436.2,1
4517.25,1
253,1
3050.15,1
2884.9,1
2447.95,1
5270.6,1
3470.8,1
6910.3,1
4014.2,1
1288,1
695.05,1
794.25,1
5661.7,1
853.1,1
2613.4,1
3901.25,1
3096.9,1
5968.4,1
4375.8,1
741.5,1
8244.3,1
5602.25,1
1411.65,1
815.55,1
5535.8,1
913.3,1
6903.1,1
1505.45,1
5251.75,1
6375.8,1
2277.65,1
4415.75,1
249.4,1
424.5,1
3686.05,1
970.55,1
8594.4,1
4798.4,1
2335.3,1
5522.7,1
3330.1,1
2345.2,1
2509.95,1
1593.1,1
1003.05,1
6314.35,1
5293.2,1
1222.8,1
2813.05,1
2375.2,1
934.1,1
853,1
3462.1,1
599.25,1
99.45,1
1242.25,1
7665.8,1
1115.15,1
799.65,1
2537,1
7291.75,1
5222.35,1
5639.05,1
1442.2,1
673.2,1
235.5,1
5215.1,1
3996.8,1
1250.1,1
1597.25,1
1715.15,1
1715.1,1
84.75,1
453.75,1
291.4,1
331.35,1
1258.15,1
978.6,1
4445.3,1
89.35,1
1393.6,1
3472.05,1
117.8,1
3210.35,1
1125.6,1
3512.5,1
279.55,1
827.7,1
4368.95,1
1098.85,1
304.6,1
746.05,1
1387.35,1
978,1
3847.6,1
1004.75,1
3263.9,1
608.8,1
218.5,1
6692.65,1
757.1,1
1374.2,1
413.25,1
2724.25,1
872.65,1
102.5,1
4138.05,1
1483.25,1
4653.85,1
4400.75,1
8033.1,1
291.45,1
7176.55,1
233.65,1
5060.9,1
5189.75,1
404.2,1
683.75,1
609.05,1
5485.5,1
239.75,1
2191.7,1
678.75,1
4374.55,1
5598.3,1
6506.15,1
24.9,1
928.4,1
4025.5,1
1036,1
552.65,1
1253.65,1
2188.5,1
3024.15,1
1663.75,1
1237.85,1
5618.3,1
1311.6,1
1234.6,1
483.3,1
1416.2,1
1218.45,1
7609.75,1
2078.95,1
2006.1,1
4361.55,1
1147.85,1
59.25,1
8192.6,1
1268.85,1
1296.8,1
2274.1,1
3969.35,1
414.1,1
4297.6,1
44.3,1
1101.85,1
6185.15,1
2381.55,1
1321.3,1
788.35,1
4959.15,1
641.35,1
608.15,1
1422.65,1
2806.9,1
4855.35,1
1165.55,1
50.7,1
3541.4,1
3085.35,1
5706.2,1
3160.55,1
5567.45,1
84.85,1
442.2,1
1267.2,1
4793.8,1
550.35,1
3625.2,1
613.4,1
756.4,1
689.75,1
1993.2,1
207.4,1
6849.75,1
5484.4,1
7467.55,1
2952.85,1
1810.55,1
1549.75,1
5750,1
70.2,1
67.55,1
1252.85,1
3263.6,1
156.35,1
254.5,1
7074.4,1
55.4,1
1023.75,1
4226.7,1
3440.25,1
1548.65,1
6039.9,1
29.7,1
1373,1
4916.95,1
294.9,1
97.5,1
5916.45,1
113.35,1
3795.45,1
2020.9,1
1122.4,1
6109.65,1
1777.9,1
1359,1
3274.35,1
6069.25,1
159.35,1
357.6,1
727.85,1
8547.15,1
1447.9,1
3581.4,1
7854.9,1
520.95,1
1570.7,1
6891.45,1
3532.25,1
101.65,1
476.8,1
6891.4,1
3874.1,1
685.55,1
781.4,1
893,1
130.75,1
109.6,1
70.75,1
1032,1
7723.9,1
7031.45,1
5835.5,1
7491.75,1
129.15,1
2291.2,1
7299.65,1
355.9,1
2076.2,1
360.55,1
866.45,1
809.25,1
232.1,1
1841.9,1
242.95,1
967.9,1
763.1,1
902.25,1
23.45,1
2653.65,1
1595.5,1
251.25,1
7542.25,1
4541.9,1
480.6,1
178.1,1
1510.5,1
1401.4,1
4003.85,1
1265.65,1
713.6,1
1630.4,1
521.9,1
1093.2,1
4299.2,1
340.4,1
3457.9,1
1070.15,1
3126.45,1
5943.65,1
1016.7,1
6838.6,1
4627.8,1
466.6,1
2333.05,1
1540.05,1
734.6,1
1049.6,1
1392.25,1
454.05,1
1796.55,1
1029.8,1
916.75,1
5890,1
1992.55,1
818.05,1
4254.85,1
1445.2,1
2283.3,1
735.9,1
8331.95,1
1931.75,1
2779.5,1
6989.7,1
1611.15,1
935.9,1
6376.55,1
1978.65,1
3181.8,1
229.7,1
5625.55,1
99.95,1
3078.1,1
6096.45,1
917.45,1
1438.05,1
2383.6,1
1068.15,1
3692.85,1
4808.7,1
5980.55,1
4828.05,1
339.9,1
1982.6,1
5601.4,1
266.6,1
2479.25,1
7661.8,1
3974.15,1
3808.2,1
1347.15,1
6581.9,1
1326.35,1
1637.3,1
199.45,1
7548.1,1
2414.55,1
1219.85,1
2157.95,1
7674.55,1
1152.7,1
5737.6,1
1758.9,1
5329,1
452.8,1
68.2,1
4390.25,1
879.8,1
3882.3,1
903.7,1
6205.5,1
2011.4,1
35,1
2106.3,1
20.85,1
649.65,1
60,1
1155.6,1
1809.35,1
1311.3,1
1564.4,1
1815,1
1132.35,1
7689.8,1
1041.8,1
471.35,1
4807.35,1
2867.75,1
1498.65,1
3416.85,1
463.05,1
3952.65,1
108.65,1
3432.9,1
384.5,1
4060.9,1
1951,1
7752.05,1
228.75,1
864.85,1
84.4,1
75.7,1
475.2,1
2036.55,1
6444.05,1
86,1
1380.4,1
1400.55,1
135,1
4295.35,1
847.25,1
68.35,1
72,1
921.55,1
2119.5,1
1165.6,1
677.9,1
153.05,1
6388.65,1
1336.35,1
1460.65,1
472.25,1
2832.75,1
720.1,1
6001.45,1
1474.75,1
3836.3,1
4386.2,1
5785.5,1
1234.8,1
52.05,1
1448.8,1
5060.85,1
800.3,1
1626.4,1
1789.65,1
2341.5,1
4740,1
269.65,1
524.5,1
5897.4,1
2997.45,1
4783.5,1
846.8,1
948.9,1
538.5,1
2816.65,1
275.4,1
263.65,1
2727.3,1
79.45,1
2018.4,1
1389.2,1
7517.7,1
1426.75,1
6631.85,1
746.5,1
330.25,1
5443.65,1
4932.5,1
1451.6,1
514.6,1
7719.5,1
1094.35,1
35.85,1
1286.05,1
1663.5,1
416.3,1
2077.95,1
2425.4,1
1345.65,1
446.1,1
474.8,1
2768.65,1
4040.65,1
7932.5,1
767.55,1
122.7,1
8250,1
5757.2,1
3561.15,1
257.6,1
154.8,1
2815.25,1
995.35,1
3264.45,1
2961.4,1
533.05,1
3827.9,1
124.4,1
602.9,1
6914.95,1
577.15,1
1470.95,1
809.75,1
723.3,1
1848.8,1
1709.1,1
3097,1
5234.95,1
2419,1
1763.55,1
7149.35,1
1581.95,1
3183.4,1
224.05,1
1500.5,1
4872.2,1
3196,1
1236.15,1
1971.15,1
3953.15,1
1553.95,1
3593.8,1
1029.35,1
773.2,1
3217.65,1
5610.25,1
8093.15,1
3011.65,1
1295.4,1
283.95,1
510.8,1
5831.2,1
1052.4,1
4991.5,1
31.35,1
60.15,1
3478.75,1
7413.55,1
611.65,1
521.35,1
740.8,1
5253.95,1
80.25,1
571.45,1
194.2,1
467.85,1
1505.05,1
4867.95,1
3778,1
3532,1
1348.95,1
5538.35,1
1259.35,1
765.45,1
3510.3,1
593.45,1
2490.15,1
3887.25,1
256.75,1
2326.05,1
5475.9,1
1532.45,1
5936.55,1
529.8,1
1533.8,1
544.55,1
4284.8,1
593.05,1
1611,1
893.55,1
4179.1,1
1493.55,1
4144.8,1
4997.5,1
4577.75,1
914.4,1
2200.7,1
3145.9,1
2839.65,1
6293.45,1
387.2,1
2424.5,1
2058.5,1
1678.05,1
3865.6,1
941,1
1133.65,1
2324.7,1
1005.7,1
5264.25,1
1138.8,1
3410.6,1
370.4,1
1677.85,1
1162.85,1
170.5,1
1072.6,1
35.55,1
48.35,1
1074.65,1
775.3,1
98.35,1
228.65,1
723.35,1
1396.25,1
1209.25,1
8333.95,1
2070.05,1
1412.65,1
250.05,1
80.95,1
2879.2,1
270.95,1
7530.8,1
5193.2,1
632.95,1
5899.85,1
4111.35,1
1240.15,1
3242.5,1
74.1,1
676.7,1
1188.25,1
7544,1
62.8,1
679.8,1
8317.95,1
495.15,1
2234.55,1
1326.25,1
7168.25,1
3112.05,1
6638.35,1
5460.2,1
1614.2,1
402.5,1
3207.55,1
3928.3,1
3131.55,1
579,1
86.35,1
147.5,1
3474.45,1
5124.55,1
3629.2,1
2049.05,1
1553.9,1
1367.75,1
1281,1
2680.15,1
8127.6,1
1646.45,1
1345.55,1
1396.9,1
3810.8,1
7962.2,1
483.7,1
4159.45,1
1574.5,1
1090.6,1
7159.05,1
168.6,1
1529.2,1
270.2,1
228.4,1
6066.55,1
5826.65,1
1685.9,1
2564.3,1
1398.6,1
4729.3,1
4847.35,1
2820.65,1
1830.05,1
810.2,1
143.35,1
4447.75,1
190.1,1
1111.2,1
4300.45,1
2282.55,1
1446.8,1
536.35,1
1888.45,1
629.35,1
1046.2,1
6448.05,1
4818.8,1
303.7,1
5264.3,1
6671.7,1
6127.6,1
612.1,1
194.55,1
4424.2,1
1596.6,1
289.3,1
6110.75,1
59.05,1
4805.3,1
523.15,1
75.8,1
5744.35,1
2033.05,1
4730.9,1
2117.25,1
1641.8,1
6253,1
769.1,1
531.55,1
112.3,1
832.35,1
4054.2,1
551.95,1
365.8,1
2723.75,1
2028.8,1
1813.35,1
44.7,1
2162.6,1
955.15,1
1253.15,1
535.55,1
85.15,1
759.35,1
3395.8,1
2896.55,1
77.6,1
215.8,1
5645.8,1
4919.7,1
5550.1,1
174.8,1
4733.1,1
2656.5,1
2416.1,1
2917.5,1
225.55,1
555.4,1
1423.85,1
4513.65,1
678.8,1
537.35,1
540.95,1
1679.25,1
4048.95,1
1886.4,1
808.95,1
413,1
1916,1
6383.35,1
888.65,1
7532.15,1
4542.35,1
1359.7,1
2001,1
320.45,1
839.4,1
7118.9,1
688.65,1
7984.15,1
170.9,1
1231.85,1
234.85,1
918.6,1
5398.6,1
6068.65,1
1625.65,1
923.5,1
27.55,1
4914.9,1
1120.95,1
8310.55,1
2679.7,1
4965.1,1
24.6,1
2619.25,1
5017.9,1
2823,1
6215.35,1
1288.3,1
7848.5,1
267,1
205.05,1
308.05,1
435.45,1
360.1,1
1304.8,1
2651.1,1
1212.85,1
2538.05,1
7039.45,1
952.3,1
1820.9,1
1798.9,1
4786.15,1
1189.4,1
255.35,1
1505.9,1
2239.4,1
2193,1
4807.45,1
1643.55,1
73.55,1
424.45,1
1492.1,1
132.4,1
660.9,1
1497.9,1
5580.8,1
21.1,1
713,1
1304.85,1
1055.9,1
4853.75,1
2210.2,1
973.1,1
2169.8,1
795.15,1
612.95,1
1815.3,1
8046.85,1
505.9,1
1943.2,1
185.55,1
832.05,1
412.5,1
620.75,1
3706.95,1
4527.45,1
4590.35,1
200.2,1
4523.25,1
5637.85,1
417.65,1
324.15,1
259.4,1
6038.55,1
2178.6,1
580.1,1
2839.95,1
7159.7,1
2243.9,1
614.45,1
5680.9,1
1129.35,1
1622.45,1
2766.4,1
1047.7,1
940.35,1
1012.4,1
171.15,1
4564.9,1
210.75,1
3208.65,1
552.7,1
4145.25,1
392.5,1
1426.45,1
2066,1
1601.2,1
5585.4,1
696.35,1
990.85,1
49.5,1
827.45,1
160.85,1
2552.9,1
485.2,1
3204.65,1
119.75,1
1612.75,1
5016.25,1
417.7,1
784.25,1
284.9,1
1893.95,1
3861.45,1
6668.35,1
526.95,1
4557.5,1
572.2,1
152.3,1
3877.65,1
4209.95,1
447.75,1
2347.9,1
360.35,1
1266.1,1
3013.05,1
649.4,1
819.4,1
7849.85,1
1697.7,1
5924.4,1
1416.75,1
1957.1,1
3557.7,1
273.75,1
2070.6,1
4615.25,1
187.75,1
1710.15,1
5961.1,1
2755.35,1
655.9,1
5508.35,1
5129.45,1
3231.05,1
3029.1,1
5553.25,1
2293.6,1
1611.65,1
1110.35,1
923.1,1
3521.7,1
675.6,1
5918.8,1
6468.6,1
3121.45,1
5720.35,1
279.5,1
1169.35,1
7447.7,1
1218.65,1
6511.25,1
1191.2,1
866.4,1
2627.2,1
3419.3,1
592.75,1
79.1,1
85.8,1
1439.35,1
4859.1,1
868.5,1
3801.3,1
3541.35,1
3587.25,1
573.05,1
4741.45,1
6230.1,1
770.6,1
5746.75,1
1983.15,1
1133.7,1
3707.6,1
43.8,1
5082.8,1
4009.2,1
994.55,1
4312.5,1
1128.1,1
88.8,1
4391.45,1
127.1,1
478.75,1
639.45,1
653.15,1
5480.25,1
4509.5,1
898.35,1
261.65,1
246.6,1
74.95,1
1790.6,1
1555.65,1
832.3,1
5769.75,1
518.3,1
3107.3,1
2471.6,1
566.5,1
457.1,1
2199.05,1
270.6,1
6710.5,1
3975.9,1
493.65,1
5717.85,1
520.55,1
4473.45,1
120.25,1
165.4,1
1638.7,1
3384,1
385.55,1
1263.85,1
5347.95,1
1704.95,1
1245.05,1
7508.55,1
3375.9,1
3517.9,1
3512.15,1
780.15,1
1497.05,1
950.2,1
415.95,1
1185.95,1
18.8,1
134.5,1
4921.2,1
8100.55,1
418.8,1
19.05,1
59.85,1
5692.65,1
3618.7,1
2168.15,1
1441.95,1
1608.15,1
273.2,1
100.35,1
2928.5,1
639.65,1
323.15,1
1421.9,1
438.05,1
967.85,1
5233.25,1
3169.55,1
1725.4,1
417.75,1
313.45,1
6130.95,1
745.3,1
1421.75,1
1513.6,1
2614.1,1
415.4,1
1386.9,1
4362.05,1
3268.05,1
654.5,1
4698.05,1
6827.5,1
1178.4,1
1212.1,1
4304.5,1
5832,1
1102.4,1
264.85,1
8013.55,1
1119.9,1
4162.05,1
1583.5,1
183.75,1
2093.9,1
299.7,1
196.4,1
5125.5,1
7035.6,1
153.3,1
319.85,1
2384.15,1
611.45,1
4594.95,1
5016.65,1
7031.3,1
548.9,1
321.7,1
1431.65,1
174.65,1
663.55,1
4399.5,1
4812.75,1
324.6,1
7082.45,1
4859.95,1
5341.8,1
901.25,1
344.2,1
1849.2,1
6743.55,1
34.7,1
5044.8,1
425.1,1
2200.25,1
6615.15,1
943,1
958.1,1
6152.4,1
4707.85,1
3770,1
8375.05,1
6083.1,1
947.75,1
6669.05,1
465.7,1
804.85,1
314.95,1
1616.15,1
1943.9,1
1655.35,1
426.65,1
6873.75,1
6536.5,1
1221.55,1
129.2,1
4039,1
7412.25,1
1673.8,1
76,1
797.1,1
546.45,1
442.85,1
58.3,1
294.5,1
1938.05,1
319.6,1
6254.2,1
3001.2,1
6840.95,1
4888.2,1
3217.55,1
740.55,1
1643.25,1
5632.55,1
4904.25,1
1554,1
170.85,1
2948.6,1
1308.4,1
741.4,1
7227.45,1
1132.75,1
593.85,1
739.9,1
2908.2,1
615.35,1
1088.25,1
3122.4,1
6585.2,1
936.7,1
6078.75,1
1504.05,1
7869.05,1
732.5,1
5985.75,1
1177.05,1
6373.1,1
865.75,1
3166.9,1
6603.8,1
1165.9,1
6145.2,1
1474.9,1
3058.15,1
1359.5,1
4549.05,1
250.8,1
4322.85,1
2553.35,1
857.2,1
373.5,1
1258.6,1
5985,1
563.05,1
4688.65,1
141.6,1
169.45,1
7133.25,1
609.1,1
1114.55,1
96.45,1
1748.9,1
1713.1,1
1292.2,1
1496.45,1
1639.3,1
178.85,1
633.85,1
4484.05,1
3970.4,1
5815.15,1
347.4,1
854.8,1
3858.05,1
2192.9,1
79.2,1
538.2,1
2033.85,1
4904.85,1
5315.1,1
813.85,1
2452.7,1
4421.95,1
6474.4,1
237.95,1
330.05,1
1290,1
889.9,1
735.5,1
1291.35,1
2023.55,1
349.65,1
153.95,1
5514.95,1
1579.7,1
2877.05,1
1215.1,1
25.8,1
1203.9,1
1372.9,1
5727.15,1
1313.55,1
2130.55,1
3794.5,1
1247.75,1
4735.35,1
2633.95,1
243.65,1
1478.85,1
6081.4,1
1146.65,1
4018.55,1
61.45,1
4993.4,1
96.1,1
72.4,1
2443.3,1
1436.95,1
330.15,1
937.1,1
1434.1,1
4896.35,1
217.1,1
819.55,1
5730.15,1
5388.15,1
475,1
1025.95,1
1970.5,1
882.55,1
190.05,1
1057.85,1
1093.4,1
1493.75,1
293.15,1
158.95,1
7002.95,1
335.4,1
145,1
795.65,1
1775.8,1
1199.4,1
666.75,1
2234.95,1
424.15,1
5941.05,1
4586.15,1
1534.75,1
3834.4,1
2979.2,1
2555.05,1
152.6,1
547.8,1
106.8,1
473.9,1
332.45,1
50.05,1
2031.95,1
4507.15,1
154.55,1
5244.45,1
5458.8,1
281,1
571.15,1
4738.85,1
4346.4,1
1282.85,1
5914.4,1
102.75,1
2082.95,1
7213.75,1
3562.5,1
4754.3,1
1309.15,1
2265,1
6547.7,1
1756.6,1
36.8,1
6998.95,1
4456.65,1
2407.3,1
896.75,1
2683.2,1
156.85,1
3475.55,1
5731.45,1
3247.55,1
2857.6,1
609.65,1
771.95,1
356.65,1
396.1,1
1509.8,1
73.6,1
3015.75,1
3437.5,1
5436.45,1
220.35,1
567.8,1
1940.8,1
2021.2,1
1712.7,1
435.4,1
606.55,1
927.15,1
1783.6,1
1779.95,1
3687.75,1
25.4,1
498.25,1
322.9,1
4109,1
3141.7,1
1229.1,1
3236.35,1
973.65,1
139.05,1
880.05,1
5138.1,1
4176.7,1
422.3,1
44.8,1
4264,1
4350.1,1
2231.05,1
2303.35,1
3058.65,1
1355.1,1
5686.4,1
341.6,1
4895.1,1
1886.25,1
3682.45,1
3741.85,1
2054.4,1
244.75,1
1339.8,1
1836.9,1
5624.85,1
1074.3,1
2531.8,1
273.4,1
731.3,1
6126.15,1
7878.3,1
6350.5,1
284.35,1
1120.3,1
299.05,1
114.1,1
702,1
1566.9,1
4747.5,1
5760.65,1
4107.25,1
2723.15,1
55.2,1
2545.75,1
1288.75,1
219.35,1
48.55,1
4298.45,1
4619.55,1
5032.25,1
401.1,1
2172.05,1
3450.15,1
1511.2,1
1732.95,1
1099.6,1
2007.25,1
1195.25,1
5526.75,1
1520.1,1
40.2,1
4925.35,1
1364.3,1
132.2,1
1228.65,1
5791.1,1
7008.15,1
4103.9,1
193.05,1
2633.3,1
1470.05,1
739.35,1
161.95,1
4422.95,1
1066.15,1
233.7,1
2861.45,1
5812,1
419.4,1
3848.8,1
7007.6,1
237.7,1
624.15,1
415.1,1
1803.7,1
2524.45,1
3694.7,1
5965.95,1
3944.5,1
367.55,1
2309.55,1
2595.25,1
4063,1
2348.45,1
4874.7,1
2149.05,1
4473,1
3545.05,1
1395.05,1
8468.2,1
720.05,1
1183.8,1
899.45,1
518.9,1
119.5,1
4784.45,1
1182.55,1
3975.7,1
5376.4,1
1195.75,1
2838.55,1
449.3,1
1110.5,1
2830.45,1
515.45,1
132.25,1
1845.9,1
1024.7,1
6858.9,1
5067.45,1
4732.35,1
50.65,1
865,1
371.9,1
574.35,1
681.4,1
2278.75,1
6430.9,1
996.85,1
1303.5,1
168.2,1
72.1,1
1328.15,1
846,1
4508.65,1
6223.8,1
1830.1,1
6603,1
3565.65,1
6148.45,1
4759.85,1
5293.95,1
155.8,1
840.1,1
889,1
3339.05,1
8126.65,1
5308.7,1
2566.5,1
25.35,1
3662.25,1
3646.8,1
5608.4,1
830.8,1
181.5,1
690.25,1
6962.85,1
6823.4,1
19.15,1
1406,1
492.55,1
1373.05,1
945.7,1
2878.55,1
3959.15,1
4016.75,1
805.1,1
179.35,1
268.35,1
55.05,1
1752.55,1
2111.3,1
482.25,1
2688.85,1
6139.5,1
177.4,1
1424.6,1
7099,1
1090.65,1
49.05,1
887.35,1
930.9,1
3650.35,1
244.1,1
857.25,1
957.1,1
2962,1
5450.7,1
4707.1,1
7853.7,1
894.3,1
7076.35,1
1216.6,1
565.35,1
496.9,1
4748.7,1
927.65,1
7303.05,1
100.2,1
7611.85,1
3027.25,1
3605.6,1
2514.5,1
1107.2,1
113.85,1
927.35,1
4327.5,1
7459.05,1
7107,1
5714.25,1
1009.25,1
927.1,1
1057,1
2215.45,1
918.75,1
973.35,1
6311.2,1
4456.35,1
624.6,1
633.3,1
2970.3,1
3505.1,1
39.65,1
1862.9,1
528.35,1
7382.25,1
1022.95,1
7895.15,1
2686.05,1
5036.3,1
5681.1,1
326.8,1
587.45,1
3487.95,1
3046.05,1
301.9,1
1949.4,1
820.5,1
151.65,1
1840.75,1
108.15,1
1530.6,1
4749.15,1
30.2,1
418.25,1
1752.65,1
1426.4,1
3838.75,1
4254.1,1
4217.8,1
97,1
3906.7,1
981.45,1
4861.45,1
4872.35,1
6369.45,1
475.7,1
1105.4,1
3549.25,1
3548.3,1
7251.7,1
45.25,1
1874.45,1
6766.95,1
1093.1,1
3921.3,1
1363.25,1
5238.9,1
3042.25,1
531,1
3173.35,1
2379.1,1
244.8,1
82.15,1
1023.85,1
1111.65,1
2453.3,1
662.65,1
29.95,1
1252,1
1559.25,1
1145.7,1
780.2,1
654.55,1
5000.2,1
1181.75,1
242.8,1
3539.25,1
321.4,1
6254.45,1
1375.4,1
8129.3,1
1192.7,1
79.9,1
5324.5,1
3789.2,1
3139.8,1
3437.45,1
1975.85,1
540.05,1
1124.2,1
6654.1,1
1934.45,1
4179.2,1
1901.65,1
2684.85,1
2958.95,1
1033.95,1
7405.5,1
1112.3,1
2681.15,1
8041.65,1
6519.75,1
587.4,1
273,1
1363.45,1
233.9,1
62.9,1
81.25,1
35.45,1
3260.1,1
1502.65,1
1215.65,1
3985.35,1
1723.95,1
2135.5,1
3027.65,1
350.35,1
1778.5,1
112.75,1
5515.45,1
835.15,1
1064.65,1
1126.35,1
248.4,1
3423.5,1
2868.15,1
3954.1,1
1188.2,1
1277.75,1
3958.25,1
7930.55,1
135.2,1
1592.35,1
764.55,1
251.6,1
1024,1
419.9,1
1821.95,1
1152.8,1
5215.25,1
655.5,1
1170.55,1
1071.4,1
1929.95,1
61.35,1
6416.7,1
1756.2,1
5289.05,1
5971.25,1
563.65,1
6425.65,1
3161.2,1
1882.55,1
7511.65,1
34.75,1
202.15,1
1551.6,1
1008.55,1
137.1,1
2879.9,1
6697.35,1
3344.1,1
7085.5,1
3327.05,1
1653.45,1
2423.4,1
5730.7,1
1901.05,1
3941.7,1
4805.65,1
2758.15,1
356.1,1
605.9,1
204.55,1
3105.55,1
141.5,1
7882.25,1
8196.4,1
202.9,1
1907.85,1
1444.65,1
237.3,1
1175.6,1
3089.1,1
1600.25,1
363.15,1
1292.6,1
4758.8,1
208.85,1
20.8,1
855.1,1
6563.4,1
1269.55,1
57.2,1
1253.8,1
1842.8,1
190.5,1
5600.15,1
1652.95,1
5817,1
381.3,1
5589.3,1
96.05,1
1277.5,1
1623.4,1
1266.4,1
4188.4,1
195.65,1
4616.05,1
80,1
3775.85,1
313.6,1
62.25,1
1203.95,1
7246.15,1
2550.9,1
75.05,1
1336.1,1
1039.45,1
4039.3,1
191.05,1
1453.1,1
238.1,1
1167.6,1
4459.15,1
4149.45,1
2344.5,1
1013.05,1
2964,1
2664.3,1
4145.9,1
4245.55,1
1710.9,1
1164.05,1
1519,1
1683.7,1
2211.8,1
2263.4,1
3739.8,1
270.7,1
2015.35,1
208.45,1
2516.2,1
2848.45,1
4189.7,1
4811.6,1
4018.05,1
6316.2,1
417,1
454.15,1
3036.75,1
8065.65,1
92.5,1
1424.9,1
352.65,1
62,1
4461.85,1
8476.5,1
6510.45,1
6782.15,1
444.75,1
5459.2,1
295.95,1
89.9,1
394.1,1
229.6,1
7589.8,1
5509.3,1
905.55,1
2854.95,1
4487.3,1
5774.55,1
292.8,1
3340.55,1
6413.65,1
6309.65,1
5898.6,1
1269.1,1
497.55,1
504.2,1
1665.2,1
4039.5,1
3077,1
1582.75,1
113.95,1
4634.35,1
3027.4,1
5598,1
4719.75,1
7015.9,1
121.25,1
5084.65,1
104.3,1
2337.45,1
319.15,1
1463.5,1
5822.3,1
457.3,1
5222.3,1
963.95,1
5610.7,1
1832.4,1
6125.4,1
507.4,1
2548.65,1
298.7,1
2339.3,1
146.6,1
5023,1
3590.2,1
4908.25,1
2003.6,1
1058.25,1
3983.6,1
4874.8,1
2588.95,1
52.2,1
1510.3,1
5154.5,1
89.5,1
6152.3,1
184.65,1
5411.4,1
903.8,1
1442.6,1
5656.75,1
5453.4,1
644.35,1
1430.25,1
1563.95,1
318.1,1
4889.3,1
3566.6,1
6751.35,1
5986.45,1
2088.05,1
3009.5,1
94.15,1
938.65,1
1108.2,1
7250.15,1
6017.65,1
4113.1,1
7616,1
5468.45,1
489.45,1
428.7,1
697.65,1
5070.4,1
1397.65,1
4713.4,1
1442,1
6989.45,1
265.45,1
1929.35,1
302.6,1
1546.3,1
4131.95,1
2852.4,1
5916.95,1
334.8,1
6300.15,1
1818.3,1
502.85,1
167.5,1
851.8,1
5502.55,1
4326.8,1
4543.15,1
5676,1
3899.05,1
1758.6,1
3480,1
4738.3,1
6744.2,1
311.6,1
5265.5,1
6744.25,1
3266,1
2647.2,1
597,1
834.1,1
8248.5,1
4946.7,1
1955.4,1
8399.15,1
5029.05,1
1021.75,1
7379.8,1
174.45,1
1360.25,1
490.65,1
5706.3,1
686.95,1
5430.35,1
1238.45,1
1785.65,1
3597.5,1
903.6,1
2799.75,1
8404.9,1
673.25,1
385.9,1
1614.05,1
100.9,1
38,1
2369.3,1
2768.35,1
2494.65,1
1417.9,1
2227.1,1
3582.4,1
1545.4,1
7611.55,1
759.55,1
1270.25,1
6396.45,1
2937.65,1
1166.7,1
6049.5,1
6538.45,1
6588.95,1
868.1,1
1671.6,1
3902.6,1
139.4,1
114.15,1
6597.25,1
6201.95,1
1415,1
6130.85,1
680.05,1
8003.8,1
2145,1
734.35,1
225.75,1
994.8,1
453.4,1
554.05,1
2747.2,1
1861.5,1
1315.35,1
564.4,1
330.6,1
7966.9,1
8220.4,1
1153.25,1
514.75,1
4547.25,1
7943.45,1
6819.45,1
1968.1,1
2395.7,1
406.95,1
3355.65,1
5755.8,1
362.6,1
4884.85,1
6976.75,1
186.3,1
631.4,1
4860.35,1
1357.1,1
663.05,1
248.95,1
6786.4,1
8306.05,1
2356.75,1
3084.9,1
4687.9,1
2473.95,1
6562.9,1
1899.65,1
6132.7,1
865.1,1
164.3,1
475.25,1
655.3,1
222.3,1
1732.6,1
161.5,1
3442.15,1
394.85,1
176.3,1
4287.2,1
89.55,1
2499.3,1
855.3,1
5794.65,1
4911.35,1
3109.9,1
6985.65,1
2236.2,1
6094.25,1
3608,1
4903.2,1
4973.4,1
3204.4,1
5614.45,1
697.25,1
2754,1
1103.25,1
422.6,1
3527.6,1
5357.75,1
1667.25,1
445.95,1
3082.1,1
5861.75,1
516.15,1
89.05,1
6033.3,1
49.3,1
760.05,1
2708.2,1
3808,1
2596.15,1
4747.65,1
597.9,1
4859.25,1
1174.8,1
47.7,1
1170.5,1
1414.45,1
4614.55,1
237.2,1
916.15,1
713.75,1
2438.6,1
5435,1
8071.05,1
3365.4,1
6668.05,1
7422.1,1
3342.45,1
85.7,1
61.7,1
19,1
346.2,1
233.55,1
38.8,1
3161.6,1
4676.7,1
4158.25,1
824.75,1
4494.65,1
4116.9,1
661.55,1
605.75,1
973.95,1
907.05,1
7114.25,1
2854.55,1
1029.75,1
5043.2,1
5980.75,1
4108.15,1
6045.9,1
198.1,1
1664.3,1
6292.7,1
3465.05,1
755.6,1
1564.05,1
6683.4,1
8182.85,1
4259.3,1
3282.75,1
1274.45,1
1346.9,1
2659.4,1
6283.3,1
4478.85,1
5194.05,1
331.9,1
7337.55,1
6561.25,1
672.7,1
4242.35,1
917.15,1
493.95,1
95.05,1
648.65,1
2095,1
2793.55,1
324.2,1
5038.15,1
635.6,1
480.75,1
2239.65,1
5153.5,1
4667,1
2107.15,1
2602.9,1
1254.7,1
79.7,1
3309.25,1
2919.85,1
6236.75,1
7839.85,1
6716.45,1
1686.15,1
716.1,1
1910.75,1
1043.4,1
7101.5,1
1850.65,1
6010.05,1
386.5,1
1225.65,1
2362.1,1
1014.25,1
5969.85,1
455.3,1
2146.5,1
2896.4,1
717.5,1
3888.65,1
2970.8,1
829.1,1
6155.4,1
2409.9,1
371.4,1
1303.25,1
2181.55,1
4684.3,1
2010.95,1
3334.95,1
73.5,1
6843.15,1
949.8,1
2444.25,1
1742.95,1
1820.45,1
297.35,1
1742.45,1
1767.35,1
432.25,1
450.9,1
439.2,1
3035.8,1
6526.65,1
3321.35,1
2483.5,1
970.4,1
1559.15,1
937.5,1
411.15,1
3486.65,1
3678.3,1
7244.7,1
6700.05,1
2030.75,1
6342.7,1
425.9,1
58.85,1
82.7,1
2585.95,1
6518.35,1
3094.65,1
1380.1,1
7690.9,1
4641.1,1
7112.15,1
828.2,1
3810.55,1
556.35,1
261.25,1
5646.6,1
3846.35,1
762.1,1
1640,1
323.25,1
1506.4,1
3043.6,1
299.2,1
38.45,1
187.45,1
4911.05,1
2296.25,1
389.1,1
7472.15,1
2136.9,1
3038.55,1
4820.55,1
4318.35,1
307.6,1
187.35,1
707.5,1
1813.1,1
1866.45,1
7553.6,1
459.95,1
89.15,1
2212.55,1
181.8,1
1059.55,1
414.95,1
144.8,1
6143.15,1
1156.35,1
2345.55,1
442.45,1
3371.75,1
298.45,1
7880.25,1
670.35,1
3842.6,1
3914.05,1
684.05,1
6457.15,1
1071.6,1
1430.95,1
1036.75,1
2276.95,1
211.95,1
1113.95,1
369.05,1
3444.85,1
1067.15,1
219,1
1378.25,1
1688.9,1
6339.3,1
38.15,1
107.05,1
1206.05,1
25,1
1672.15,1
1087.45,1
196.15,1
5186,1
4040.2,1
2080.1,1
3566.7,1
210.65,1
3162.65,1
527.35,1
1017.35,1
7082.5,1
583.45,1
6733,1
839.65,1
996.45,1
5064.85,1
216.45,1
2598.95,1
2215.4,1
1308.1,1
293.65,1
151.8,1
1887,1
1143.8,1
812.5,1
3190.25,1
51.6,1
6365.35,1
2719.2,1
4354.45,1
169.75,1
1414.8,1
1049.05,1
2618.3,1
4084.35,1
765.5,1
94.5,1
4447.55,1
477.7,1
6383.9,1
3254.35,1
6889.8,1
5294.6,1
3829.75,1
208,1
55.3,1
6780.1,1
793.55,1
5168.1,1
169.8,1
1540.2,1
462.8,1
581.85,1
46.4,1
1244.8,1
402.85,1
613.95,1
369.25,1
8277.05,1
226.2,1
412.1,1
670.65,1
5175.3,1
255.55,1
1912.15,1
2209.15,1
365.65,1
90.75,1
5437.75,1
55.55,1
2238.5,1
1302.65,1
1584.8,1
2094.9,1
40.9,1
4534.45,1
600,1
2757.85,1
4045.65,1
287.85,1
2142.8,1
1127.35,1
3177.25,1
90.35,1
6557.75,1
266.9,1
2626.15,1
1471.75,1
7386.05,1
604.7,1
206.6,1
1842.7,1
6029.9,1
301.4,1
625.05,1
617.35,1
5791.85,1
828.85,1
91.45,1
562.6,1
6713.2,1
5000.05,1
1789.25,1
8405,1
5196.1,1
3055.5,1
7321.05,1
4135,1
697.7,1
168.65,1
560.85,1
378.6,1
1237.65,1
790,1
3326.2,1
1301.9,1
220.65,1
2649.15,1
875.55,1
8165.1,1
3008.55,1
1657.4,1
6890,1
757.95,1
6767.1,1
1315,1
184.15,1
136.75,1
4890.5,1
3483.45,1
779.25,1
3638.25,1
2921.75,1
4174.35,1
5817.45,1
44.6,1
451.1,1
81.95,1
6841.05,1
6306.5,1
252.75,1
3007.25,1
4765,1
5595.3,1
6017.9,1
4920.55,1
1454.25,1
2015.8,1
113.1,1
999.9,1
1070.5,1
79.8,1
1936.85,1
772.4,1
810.3,1
3351.55,1
6703.5,1
442.6,1
2513.5,1
688,1
4868.4,1
1515.1,1
297.3,1
3958.85,1
7396.15,1
931.75,1
2000.2,1
5135.35,1
329.8,1
3229.65,1
595.5,1
109.8,1
5848.6,1
851.2,1
107.25,1
95.65,1
434.8,1
2753.8,1
174.3,1
288.35,1
1178.25,1
1001.5,1
2072.75,1
1048.85,1
329.95,1
4959.6,1
622.9,1
1522.65,1
336.15,1
736.8,1
4317.35,1
5551.15,1
6028.95,1
185.4,1
1851.45,1
1567.55,1
2809.05,1
396.3,1
4107.3,1
265.8,1
1863.8,1
758.6,1
966.25,1
53.5,1
1516.6,1
2224.5,1
1389.35,1
1537.9,1
3373.4,1
6018.65,1
6424.7,1
5846.65,1
5586.45,1
1889.5,1
6912.7,1
2413.05,1
73.45,1
1126.75,1
3673.15,1
155.9,1
3972.25,1
1148.1,1
325.45,1
438,1
1867.7,1
3320.75,1
95.1,1
6033.1,1
1080.55,1
355.2,1
2016.45,1
6480.9,1
5036.9,1
1007.9,1
4750.95,1
1948.35,1
1992.2,1
863.1,1
4214.25,1
7104.2,1
1800.05,1
6118.95,1
5327.25,1
401.5,1
837.5,1
5685.8,1
1875.25,1
2621.75,1
5549.4,1
188.7,1
7714.65,1
1263.05,1
1629.2,1
104.2,1
255.25,1
158.4,1
7323.15,1
811.8,1
2511.55,1
2106.05,1
446.05,1
6161.9,1
1095.65,1
564.65,1
1079.05,1
316.2,1
4443.45,1
212.3,1
4913.3,1
908.75,1
6273.4,1
2497.35,1
338.9,1
75.55,1
535.35,1
762.5,1
1011.05,1
186.05,1
454,1
7521.95,1
54.9,1
5913.95,1
180.3,1
2495.2,1
580.8,1
4408.45,1
4652.4,1
2939.8,1
358.15,1
3265.95,1
4869.35,1
1056.95,1
1060.6,1
416.4,1
1461.45,1
59.2,1
239.55,1
6297.65,1
2369.7,1
999.8,1
834.15,1
2391.8,1
6859.05,1
6521.9,1
617.85,1
3053,1
314.45,1
3645.6,1
7534.65,1
934.15,1
6586.85,1
1260.7,1
1279,1
576.7,1
7939.25,1
78.3,1
1651.95,1
1377.7,1
6860.6,1
4519.5,1
5610.15,1
3198.6,1
153.8,1
1952.25,1
754.65,1
87.9,1
677.05,1
7965.95,1
4888.7,1
438.4,1
6687.85,1
6333.4,1
6126.1,1
4729.75,1
3019.5,1
7581.5,1
1636.95,1
2070.75,1
7726.35,1
7209,1
237.25,1
1355.45,1
6741.15,1
4822.85,1
198.25,1
892.65,1
295.55,1
1108,1
140.1,1
342.4,1
3250.45,1
415.05,1
2312.55,1
4594.65,1
4834,1
789.55,1
2274.35,1
6982.5,1
44.95,1
4555.2,1
7308.95,1
3213.75,1
6332.75,1
1317.95,1
602.55,1
4116.8,1
2807.1,1
2042.05,1
6239.05,1
7689.95,1
1687.95,1
2364,1
516.3,1
157.75,1
3131.8,1
3369.25,1
542.4,1
1345.75,1
1078.75,1
4535.85,1
3147.15,1
1358.6,1
865.85,1
214.55,1
1433.8,1
196.95,1
1843.05,1
6674.65,1
2674.15,1
31.9,1
5688.45,1
4512.7,1
5841.35,1
741,1
411.6,1
1400.3,1
1790.8,1
199.75,1
146.9,1
4448.8,1
888.75,1
2475.35,1
1329.2,1
2689.35,1
307,1
2448.75,1
435.25,1
2688.45,1
3482.85,1
1033,1
4759.55,1
439.75,1
3143.65,1
3413.25,1
1394.55,1
324.8,1
3121.4,1
335.75,1
878.35,1
431,1
461.3,1
535.05,1
317.75,1
1281.25,1
3527,1
4348.65,1
1035.5,1
6520.8,1
4024.2,1
5278.15,1
1821.8,1
4178.65,1
1498.2,1
71.2,1
653.9,1
2342.2,1
381.2,1
561.15,1
3632,1
272.95,1
365.55,1
3091.75,1
1160.75,1
5894.5,1
4285.8,1
5129.3,1
63.6,1
1249.25,1
1151.55,1
1190.5,1
440.2,1
1718.35,1
2628.6,1
7475.85,1
3990.75,1
1058.6,1
392.65,1
3474.2,1
7325.1,1
7372.65,1
1444.05,1
4532.3,1
8182.75,1
1023.95,1
1237.3,1
678.45,1
308.25,1
4526.85,1
5073.1,1
353.65,1
2365.15,1
4310.35,1
1023.9,1
1193.55,1
1205.5,1
75.6,1
504.05,1
3545.1,1
1669.4,1
465.05,1
333.6,1
110.15,1
930.05,1
180.25,1
1117.55,1
4454.25,1
5776.45,1
1144.5,1
3734.25,1
702.9,1
3635.15,1
1712.9,1
6602.9,1
122,1
856.35,1
78.9,1
8308.9,1
109.2,1
92.05,1
3420.5,1
1442.65,1
6157.6,1
4690.65,1
3068.6,1
1423.35,1
5071.9,1
218.55,1
317.25,1
292.4,1
3634.8,1
2171.15,1
81.7,1
1218.55,1
399.25,1
1600.95,1
1821.2,1
951.55,1
1460.85,1
1974.8,1
964.35,1
4433.3,1
3369.05,1
4671.65,1
3474.05,1
3066.45,1
7051.95,1
3019.1,1
78.45,1
527.5,1
387.9,1
3870.3,1
241.3,1
3653,1
7634.25,1
579.4,1
1875.55,1
8035.95,1
83.3,1
3571.6,1
1233.25,1
370.25,1
229.4,1
1319.85,1
3645.05,1
272.35,1
2874.15,1
5607.75,1
2435.15,1
5498.2,1
1287.85,1
1245.6,1
1046.1,1
5576.3,1
628.65,1
141.1,1
923.85,1
521.1,1
111.05,1
571.75,1
452.55,1
5461.45,1
42.45,1
3439,1
3974.7,1
1412.4,1
3168.75,1
337.9,1
4068,1
93.85,1
1939.35,1
2696.55,1
433.95,1
856.65,1
2157.3,1
5264.5,1
7210.85,1
1752.45,1
3684.95,1
1096.65,1
4056.75,1
184.95,1
551.3,1
8012.75,1
875.35,1
159.15,1
1900.25,1
568.2,1
710.05,1
106.9,1
5763.3,1
799,1
494.9,1
1267.05,1
5426.85,1
1547.35,1
7987.6,1
1730.35,1
608.5,1
3966.3,1
1683.6,1
340.25,1
6325.25,1
3415.25,1
6224.8,1
1742.75,1
4085.75,1
4964.7,1
106.55,1
4065,1
4946.05,1
1346.2,1
3377.8,1
5869.4,1
2030.3,1
206.15,1
7455.45,1
1867.6,1
165.35,1
2896.6,1
1514.85,1
6792.45,1
5981.65,1
5810.9,1
970.85,1
1423.05,1
1932.75,1
1941.5,1
137.85,1
1400.85,1
2931,1
1702.9,1
7554.05,1
4669.2,1
857.8,1
772.85,1
5594,1
4600.7,1
283.75,1
779.2,1
6302.8,1
2934.3,1
95.6,1
6404,1
2361.8,1
5885.4,1
2737.05,1
4941.8,1
2165.05,1
5464.65,1
2460.55,1
117.95,1
637.4,1
1710.45,1
97.1,1
6717.9,1
4627.65,1
422.5,1
1329.15,1
3600.65,1
1350.15,1
1662.05,1
6287.25,1
2257.75,1
6398.05,1
309.1,1
1259,1
2204.35,1
181.1,1
341.45,1
357.75,1
1184,1
2511.3,1
1390.6,1
125.5,1
134.6,1
6056.15,1
331.6,1
456.85,1
7382.85,1
8477.7,1
371.65,1
4616.1,1
1340.1,1
6825.65,1
3865.45,1
7040.85,1
743.5,1
830.85,1
750.1,1
589.25,1
4533.7,1
223.9,1
391.7,1
79.95,1
811.65,1
5873.75,1
4164.4,1
6707.15,1
99.6,1
7550.3,1
2555.9,1
308.1,1
111.4,1
1258.35,1
4985.9,1
527.9,1
1233.65,1
5483.9,1
6994.8,1
3004.15,1
2684.35,1
160.75,1
6096.9,1
369.1,1
4845.4,1
5498.8,1
109.25,1
179.25,1
1338.15,1
1070.7,1
100.8,1
5427.05,1
3343.15,1
7482.1,1
7537.5,1
467.55,1
3003.55,1
1045.25,1
1345.85,1
4264.6,1
862.4,1
672.2,1
79.5,1
1238.65,1
4824.45,1
91.3,1
5956.85,1
1718.2,1
926.2,1
8564.75,1
2624.25,1
1797.75,1
1498.85,1
2168.9,1
1790.65,1
54.35,1
8477.6,1
2647.1,1
4368.85,1
1952.8,1
711.9,1
65.95,1
980.35,1
3092,1
1210.3,1
3157,1
242,1
627.4,1
834.7,1
1406.65,1
3754.6,1
6841.45,1
3126.85,1
174.75,1
845.6,1
854.45,1
1737.45,1
3871.85,1
4674.4,1
7133.45,1
818.45,1
147.75,1
2181.75,1
1336.8,1
341.35,1
2745.7,1
458.1,1
313,1
2429.1,1
1430.05,1
5893.95,1
70.55,1
436.9,1
4837.6,1
3023.55,1
1716.45,1
5229.45,1
100.4,1
268.4,1
1021.55,1
7028.5,1
4453.3,1
3958.2,1
1415.85,1
3273.8,1
1261.7,1
6937.95,1
116.95,1
4931.8,1
2122.45,1
45,1
47.95,1
2572.95,1
696.8,1
572.45,1
949.85,1
2333.85,1
5931,1
1739.6,1
1401.15,1
1424.5,1
2697.4,1
323.45,1
2492.25,1
279.2,1
1083,1
2566.3,1
4539.35,1
45.55,1
1734.65,1
44.05,1
247.25,1
6721.6,1
4744.35,1
1597.4,1
171,1
1378.45,1
755.5,1
4338.6,1
1441.1,1
3857.1,1
2250.65,1
936.85,1
43.3,1
46.2,1
68.75,1
3252,1
3244.4,1
6929.4,1
886.4,1
1502.25,1
1134.25,1
4599.15,1
3264.5,1
6392.85,1
77.5,1
1652.4,1
6339.45,1
390.85,1
168.5,1
1859.1,1
1505.15,1
1802.55,1
7108.2,1
48.75,1
1292.65,1
1201.15,1
4689.5,1
6669.45,1
3503.5,1
8078.1,1
583.3,1
1621.35,1
947.3,1
2722.2,1
716.4,1
258.35,1
75.5,1
1588.25,1
1835.3,1
6770.85,1
2642.05,1
1676.95,1
930.95,1
4720,1
1901.25,1
3058.3,1
280,1
1490.4,1
43.85,1
973.25,1
954.9,1
578.5,1
1761.05,1
6293.75,1
1769.6,1
804.25,1
5011.15,1
3574.5,1
8086.4,1
5940.85,1
6885.75,1
159.45,1
6385.95,1
5099.15,1
1500.95,1
215.2,1
908.15,1
189.1,1
4576.3,1
21.05,1
265.3,1
3145.15,1
996.95,1
246.5,1
415.9,1
5809.75,1
76.95,1
81.05,1
658.95,1
5118.95,1
668.85,1
1916.2,1
4613.95,1
5356.45,1
3894.4,1
2845.15,1
390.4,1
825.7,1
5728.55,1
1868.4,1
433.75,1
3237.05,1
5200.8,1
1291.3,1
7261.25,1
1210.4,1
3465.7,1
553.4,1
2292.75,1
2421.6,1
2888.7,1
163.55,1
2048.8,1
2459.8,1
4872.45,1
4194.85,1
1961.6,1
1327.85,1
378.4,1
1527.5,1
2657.55,1
5882.75,1
2007.85,1
1083.7,1
207.35,1
21,1
419.7,1
1194.3,1
76.65,1
3953.7,1
1477.65,1
3653.35,1
1834.15,1
1156.55,1
165.45,1
67.1,1
6362.35,1
4563,1
1612.2,1
260.7,1
726.1,1
6153.85,1
1404.65,1
5931.75,1
471.55,1
50.9,1
1348.5,1
6352.4,1
3862.55,1
1269.6,1
174.2,1
865.05,1
6441.85,1
7657.4,1
167.2,1
150,1
1399.35,1
571.05,1
1382.9,1
962.25,1
5124.6,1
266.8,1
161.15,1
5232.9,1
1559.3,1
89.75,1
189.2,1
926,1
1856.4,1
1354.4,1
4025.6,1
2894.55,1
1389.85,1
93.45,1
388.6,1
814.75,1
2636.05,1
512.25,1
706.85,1
869.9,1
3895.35,1
5333.35,1
1715.65,1
1440.75,1
2509.25,1
1072,1
255.5,1
682.1,1
1778.7,1
1816.2,1
3942.45,1
4016.2,1
1681.6,1
715,1
2791.5,1
679.3,1
803.3,1
6991.6,1
1529.65,1
873.4,1
2839.45,1
7069.25,1
171.45,1
2404.85,1
1581.2,1
2187.55,1
1054.75,1
1689.45,1
2656.7,1
74.25,1
1841.2,1
4541.2,1
1501.75,1
3777.15,1
5574.75,1
1133.9,1
2847.4,1
8058.85,1
1531.4,1
490.55,1
1527.35,1
1972.35,1
3186.65,1
7887.25,1
546.95,1
162.55,1
674.55,1
329.75,1
847.3,1
438.9,1
2094.65,1
824.85,1
463.6,1
1306.3,1
47.5,1
1653.85,1
1719.15,1
461.7,1
1160.45,1
1733.15,1
4261.2,1
220.75,1
244.85,1
5878.9,1
5424.25,1
4849.1,1
119.3,1
4677.1,1
5149.5,1
599.3,1
5199.8,1
201,1
4917.9,1
1205.05,1
35.25,1
659.45,1
1341.5,1
883.35,1
162.3,1
5163.3,1
3281.65,1
7317.1,1
6474.45,1
676.35,1
279.25,1
3205.6,1
261.3,1
2878.75,1
8496.7,1
7266.95,1
7129.45,1
5265.2,1
525,1
7854.15,1
1215.45,1
5662.25,1
7082.85,1
1296.15,1
246.25,1
5611.7,1
2191.15,1
231.8,1
408.25,1
552.9,1
780.25,1
6281.45,1
1131.3,1
738.2,1
4922.4,1
84.8,1
6643.5,1
3617.1,1
665.45,1
5377.8,1
140.7,1
83.4,1
826.1,1
2911.5,1
1077.05,1
1137.05,1
188.1,1
5564.85,1
1299.8,1
3655.45,1
505.45,1
260.8,1
6697.2,1
6341.45,1
80.2,1
813.3,1
3791.6,1
4003,1
1982.1,1
141.7,1
3713.95,1
487.75,1
892.7,1
37.2,1
1250.85,1
227.45,1
1090.1,1
562.7,1
1992.95,1
8425.3,1
4263.45,1
876.75,1
1230.25,1
2495.15,1
3952.45,1
7795.95,1
1654.85,1
1325.85,1
8164.1,1
678.2,1
4154.8,1
1275.65,1
1753,1
198.7,1
2974.5,1
982.95,1
2911.3,1
94.6,1
5935.1,1
617.65,1
3759.05,1
54.75,1
4303.65,1
7061.65,1
2866.45,1
1871.85,1
278.85,1
5742.9,1
5963.95,1
332.5,1
1425.45,1
2655.25,1
3364.55,1
4903.15,1
646.05,1
225.85,1
217.55,1
5029.2,1
157.55,1
71.55,1
6822.15,1
1043.35,1
908.55,1
1789.9,1
6941.2,1
4495.65,1
2331.3,1
49.85,1
3673.6,1
220.95,1
70.9,1
827.3,1
8124.2,1
5481.25,1
1384.75,1
7711.25,1
567.45,1
146.05,1
7318.2,1
420.45,1
7576.7,1
6589.6,1
5068.05,1
4464.8,1
5229.8,1
7288.4,1
593.3,1
199.85,1
3410,1
6733.15,1
92.45,1
743.75,1
633.4,1
5037.55,1
2627.35,1
5420.65,1
5893.15,1
45.2,1
1253.9,1
6151.9,1
4965,1
321.65,1
2583.75,1
161.65,1
6465,1
3019.7,1
3883.3,1
754.5,1
740,1
929.2,1
294.2,1
7349.35,1
1108.8,1
813.45,1
1309,1
1233.4,1
2625.55,1
3956.7,1
4492.9,1
5753.25,1
1648.45,1
5999.85,1
5958.85,1
7111.3,1
3370.2,1
1180.95,1
274.7,1
1414.2,1
3211.2,1
371.6,1
1588.7,1
4847.05,1
1010,1
51.2,1
6735.05,1
5360.75,1
1336.65,1
712.25,1
302.45,1
829.3,1
830.25,1
1246.4,1
102.45,1
7240.65,1
2088.75,1
6690.75,1
1013.6,1
1468.9,1
6448.85,1
2545.7,1
95.85,1
401.85,1
4451.85,1
6688.95,1
73.05,1
2835.5,1
5552.5,1
3467,1
1781.35,1
436.6,1
160.05,1
6300.85,1
55.45,1
550.6,1
2169.4,1
4370.75,1
565.75,1
1082.75,1
226.8,1
5969.95,1
3520.75,1
2416.55,1
2654.05,1
7904.25,1
3251.85,1
6287.3,1
3591.25,1
88.35,1
617.15,1
1445.3,1
407.05,1
2796.35,1
156.1,1
651.55,1
2401.05,1
389.8,1
2673.45,1
3640.45,1
507.9,1
4984.85,1
870.25,1
3398.9,1
1682.05,1
892.15,1
141.45,1
512.45,1
3923.8,1
6046.1,1
111.65,1
601.25,1
7806.5,1
6549.45,1
8529.5,1
3452.55,1
5510.65,1
1214.05,1
274.35,1
1391.15,1
3687.85,1
3021.45,1
733.55,1
1802.15,1
5468.95,1
2067,1
1973.75,1
7789.6,1
82.9,1
1258.3,1
2933.2,1
1024.65,1
6223.3,1
1020.2,1
7030.65,1
1211.65,1
1322.85,1
2196.3,1
85.55,1
197.4,1
1743.9,1
1185,1
1838.15,1
1263.9,1
2447.45,1
1140.05,1
5064.45,1
2065.15,1
3838.2,1
168.9,1
7843.55,1
3306.85,1
424.75,1
6565.85,1
2117.2,1
203.95,1
6849.4,1
692.35,1
130.15,1
3211.9,1
6844.5,1
